-- phpMyAdmin SQL Dump
-- version 5.1.1
-- https://www.phpmyadmin.net/
--
-- Host: 127.0.0.1
-- Gegenereerd op: 08 mrt 2022 om 11:49
-- Serverversie: 10.4.21-MariaDB
-- PHP-versie: 8.0.10

SET SQL_MODE = "NO_AUTO_VALUE_ON_ZERO";
START TRANSACTION;
SET time_zone = "+00:00";


/*!40101 SET @OLD_CHARACTER_SET_CLIENT=@@CHARACTER_SET_CLIENT */;
/*!40101 SET @OLD_CHARACTER_SET_RESULTS=@@CHARACTER_SET_RESULTS */;
/*!40101 SET @OLD_COLLATION_CONNECTION=@@COLLATION_CONNECTION */;
/*!40101 SET NAMES utf8mb4 */;

--
-- Database: `plaatboef`
--

-- --------------------------------------------------------

--
-- Tabelstructuur voor tabel `client`
--

CREATE TABLE `client` (
  `idclient` int(5) NOT NULL,
  `surname` varchar(35) DEFAULT NULL,
  `givenname` varchar(20) DEFAULT NULL,
  `middleinitial` varchar(4) DEFAULT NULL,
  `title` varchar(6) DEFAULT NULL,
  `gender` varchar(10) DEFAULT NULL,
  `streetadress` varchar(70) DEFAULT NULL,
  `city` varchar(35) DEFAULT NULL,
  `zipcode` varchar(15) DEFAULT NULL,
  `countryid` int(5) DEFAULT NULL,
  `emailadress` varchar(45) DEFAULT NULL,
  `telephonenumber` varchar(20) DEFAULT NULL,
  `birthday` date DEFAULT NULL,
  `occupation` varchar(80) DEFAULT NULL,
  `password` varchar(256) NOT NULL
) ENGINE=InnoDB DEFAULT CHARSET=utf8;

--
-- Gegevens worden geëxporteerd voor tabel `client`
--

INSERT INTO `client` (`idclient`, `surname`, `givenname`, `middleinitial`, `title`, `gender`, `streetadress`, `city`, `zipcode`, `countryid`, `emailadress`, `telephonenumber`, `birthday`, `occupation`, `password`) VALUES
(1, 'Mathoera', 'Tjarda', 'W', 'Mrs.', 'female', 'Jan Piebengawei 106', 'Leeuwarden', '8915 DC', 157, 'TjardaMathoera@jourrapide.com', '06-79303222', '1954-04-26', 'Applications programmer', ''),
(2, 'Piepers', 'Endy', 'R', 'Mr.', 'male', 'Wooldriksweg 145', 'Enschede', '7512 AR', 157, 'EndyPiepers@rhyta.com', '06-38698212', '2001-10-22', 'Training administrator', ''),
(3, 'de Looff', 'Noa', 'T', 'Ms.', 'female', 'De Gasperilaan 196', 'Utrecht', '3527 GC', 157, 'NoadeLooff@superrito.com', '06-87237674', '1983-08-06', 'Grip', ''),
(4, 'Philipse', 'Wiebren', 'S', 'Mr.', 'male', 'Tjalk 170', 'Heerenveen', '8446 EH', 157, 'WiebrenPhilipse@teleworm.us', '06-33312025', '1968-07-21', 'Technical support specialist', ''),
(5, 'Roumen', 'Annelous', 'B', 'Ms.', 'female', 'Andijkstraat 78', 'Amsterdam', '1023 VW', 157, 'AnnelousRoumen@armyspy.com', '06-50361454', '1985-02-14', 'Instructional materials director', ''),
(6, 'Verwijs', 'Winand', 'A', 'Mr.', 'male', 'Weerdestein 46', 'Amsterdam', '1083 GK', 157, 'WinandVerwijs@teleworm.us', '06-45697620', '1982-08-02', 'Medical translator', ''),
(7, 'Türk', 'Iwana', 'H', 'Mrs.', 'female', 'Moerstraatseweg 93', 'Steenbergen', '4651 VB', 157, 'IwanaTurk@teleworm.us', '06-81923356', '1967-09-04', 'Food and tobacco roasting, baking, and drying machine operator', ''),
(8, 'van Weerden', 'Marcelino', 'E', 'Mr.', 'male', 'Molenhoeve 136', 'Hillegom', '2182 EZ', 157, 'MarcelinovanWeerden@gustr.com', '06-18202303', '1951-06-17', 'Caulker', ''),
(9, 'Luyten', 'Amerik', 'N', 'Mr.', 'male', 'Paardenmarkt 92', 'Delft', '2611 PD', 157, 'AmerikLuyten@rhyta.com', '06-69426619', '1993-02-11', 'Patternmaker', ''),
(10, 'de Baat', 'Mauri', 'N', 'Mrs.', 'female', 'Veldweg 92', 'Hattem', '8051 NS', 157, 'MaurideBaat@einrot.com', '06-85798293', '1990-09-12', 'Insurance manager', ''),
(11, 'Lantinga', 'Kin', 'A', 'Mr.', 'male', 'Geert Teisstraat 128', 'Veendam', '9645 KL', 157, 'KinLantinga@teleworm.us', '06-42942012', '1959-01-22', 'Communications equipment operator', ''),
(12, 'Jahangier', 'Kaylee', 'I', 'Ms.', 'female', 'Laanstraat 130', 'Baarn', '3743 BH', 157, 'KayleeJahangier@gustr.com', '06-14057884', '1962-08-16', 'Coast Guard', ''),
(13, 'van Gemerden', 'Guus', 'A', 'Mr.', 'male', 'Zuid Willemsvaart 74', 's-Hertogenbosch', '5211 NX', 157, 'GuusvanGemerden@gustr.com', '06-94498696', '1958-11-05', 'Electronic typesetting machine operator', ''),
(14, 'Veurink', 'Dalila', 'M', 'Ms.', 'female', 'Putterweg 55', 'Garderen', '3886 PE', 157, 'DalilaVeurink@fleckens.hu', '06-34874089', '1982-01-27', 'Transit and railroad police', ''),
(15, 'Middeljans', 'Mathys', 'S', 'Mr.', 'male', 'Nieuwstraat 4', 'Soest', '3762 TM', 157, 'MathysMiddeljans@einrot.com', '06-82470033', '1949-01-30', 'Electrical and electronics engineering technician', ''),
(16, 'Weening', 'Dave', 'M', 'Mr.', 'male', 'Koxhorn 3', 'Amsterdam', '1082 EV', 157, 'DaveWeening@cuvox.de', '06-19051956', '1946-11-14', 'Meatcutter', ''),
(17, 'Grotenhuis', 'Floran', 'J', 'Mr.', 'male', 'Jagerslaan 85', 'Tilburg', '5042 LJ', 157, 'FloranGrotenhuis@gustr.com', '06-36501070', '1964-06-12', 'Training and development coordinator', ''),
(18, 'Weijers', 'Kerstin', 'A', 'Mrs.', 'female', 'Verhuellstraat 110', 'Arnhem', '6821 DK', 157, 'KerstinWeijers@gustr.com', '06-42769826', '1938-08-04', 'Vocational nurse', ''),
(19, 'van Zijp', 'Marijn', 'S', 'Mr.', 'male', 'Amerikaplein 183', 'Margraten', '6269 DA', 157, 'MarijnvanZijp@einrot.com', '06-63585683', '1948-06-05', 'Podiatric doctor', ''),
(20, 'Çiftçi', 'Sjimmie', 'S', 'Mr.', 'male', 'Weenahof 100', 'Amsterdam', '1083 JE', 157, 'SjimmieCiftci@gustr.com', '06-65279103', '1943-03-01', 'Industrial therapist', ''),
(21, 'Gravemaker', 'Morrison', 'B', 'Mr.', 'male', 'Goudenregenstraat 134', 'Almelo', '7601 TK', 157, 'MorrisonGravemaker@einrot.com', '06-45456098', '1966-04-19', 'Avionics technician', ''),
(22, 'Dorresteijn', 'Wesly', 'S', 'Mr.', 'male', 'Willem de Zwijgerweg 148', 'Geldermalsen', '4191 WE', 157, 'WeslyDorresteijn@fleckens.hu', '06-95805437', '1979-02-19', 'Lyricist', ''),
(23, 'Middeldorp', 'Kornelis', 'T', 'Mr.', 'male', 'Susanna van Ettenstraat 5', 'Noordwijk', '2203 GP', 157, 'KornelisMiddeldorp@fleckens.hu', '06-75923056', '1975-12-30', 'Law clerk', ''),
(24, 'Kranenburg', 'Morgan', 'S', 'Ms.', 'female', 'Cesar Francklaan 120', 'Heemstede', '2102 EC', 157, 'MorganKranenburg@gustr.com', '06-60791326', '1963-10-16', 'Lyricist', ''),
(25, 'Elshof', 'Dorina', 'O', 'Ms.', 'female', 'W. Muldersplein 198', 'Geertruidenberg', '4931 KA', 157, 'DorinaElshof@armyspy.com', '06-23046001', '1944-10-10', 'Tractor-trailer driver', ''),
(26, 'Manschot', 'Kaspar', 'L', 'Mr.', 'male', 'Oranjelaan 83', 'Driebergen-Rijsenburg', '3971 HD', 157, 'KasparManschot@superrito.com', '06-52216769', '1966-08-30', 'Coil winder', ''),
(27, 'Lauret', 'Belinda', 'Z', 'Mrs.', 'female', 'Burgemeester Meineszplein 190', 'Rotterdam', '3022 XB', 157, 'BelindaLauret@dayrep.com', '06-28579520', '1976-02-27', 'Mortician', ''),
(28, 'Thielman', 'Tom', 'M', 'Mr.', 'male', 'Van der Valk Boumanweg 174', 'Leiderdorp', '2352 JB', 157, 'TomThielman@jourrapide.com', '06-66684729', '1951-01-27', 'Position classifier', ''),
(29, 'Bergstra', 'Henrikus', 'A', 'Mr.', 'male', 'Keimpemastins 155', 'Leeuwarden', '8925 JR', 157, 'HenrikusBergstra@gustr.com', '06-17538042', '1989-08-14', 'Magnetic resonance (MR) technologist', ''),
(30, 'Noppert', 'Femmigje', 'S', 'Ms.', 'female', 'Lutmastraat 195', 'Amsterdam', '1074 VD', 157, 'FemmigjeNoppert@rhyta.com', '06-70373130', '1980-09-29', 'ABE teacher', ''),
(31, 'Besemer', 'Jobje', 'K', 'Ms.', 'female', 'Luxemburglaan 191', 'Heemskerk', '1966 MR', 157, 'JobjeBesemer@rhyta.com', '06-99209527', '1942-12-24', 'Diabetes management nurse', ''),
(32, 'Boskamp', 'Ifrah', 'A', 'Ms.', 'female', 'Plantsoen 122', 'Woerden', '3441 EL', 157, 'IfrahBoskamp@fleckens.hu', '06-78220753', '1968-08-30', 'Music director', ''),
(33, 'Schotsman', 'Zhen', 'Z', 'Mr.', 'male', 'Markeweg 86', 'Aalden', '7854 PD', 157, 'ZhenSchotsman@cuvox.de', '06-67093774', '1996-11-12', 'Training assistant', ''),
(34, 'Don', 'Jessika', 'M', 'Ms.', 'female', 'Verlengde Scholtenskanaal Oostzijde 192', 'Emmer-Compascuum', '7881 JW', 157, 'JessikaDon@gustr.com', '06-51831079', '1945-05-23', 'Orthodontist', ''),
(35, 'Brabander', 'Irfan', 'J', 'Mr.', 'male', 'Julianalaan 139', 'Dodewaard', '6669 AG', 157, 'IrfanBrabander@einrot.com', '06-61598404', '1936-11-08', 'Charter bus driver', ''),
(36, 'van Dam', 'Eugène', 'C', 'Mr.', 'male', 'De Lierstraat 63', 'Den Haag', '2512 RX', 157, 'EugenevanDam@rhyta.com', '06-13676924', '1950-01-09', 'Railcar repairer', ''),
(37, 'Snoek', 'Jozefien', 'N', 'Mrs.', 'female', 'Sint Pieter 160', 'Oudenbosch', '4731 GB', 157, 'JozefienSnoek@armyspy.com', '06-44973417', '1996-09-11', 'Human resources associate', ''),
(38, 'Vlaming', 'Salim', 'A', 'Mr.', 'male', 'Maagdenburgstraat 139', 'Deventer', '7421 ZE', 157, 'SalimVlaming@gustr.com', '06-93009711', '1988-12-02', 'Loan interviewer', ''),
(39, 'Kwakernaat', 'Chana', 'J', 'Ms.', 'female', 'Winkelhoek 84', 'Hoogezand', '9601 EX', 157, 'ChanaKwakernaat@armyspy.com', '06-77821117', '1990-01-15', 'Brokerage clerk', ''),
(40, 'Homma', 'Imre', 'F', 'Mr.', 'male', 'Molendijk 195', 'Sliedrecht', '3361 ER', 157, 'ImreHomma@dayrep.com', '06-58148519', '2000-01-14', 'Recreational therapist', ''),
(41, 'van Diejen', 'Imadeddine', 'P', 'Mr.', 'male', 'Bentheimerstraat 11', 'De Lutte', '7587 ND', 157, 'ImadeddinevanDiejen@teleworm.us', '06-88554638', '1992-08-27', 'Coding specialist', ''),
(42, 'Lewis', 'Tansu', 'F', 'Ms.', 'female', 'Johannes Verhulststraat 137', 'Amsterdam', '1071 NM', 157, 'TansuLewis@teleworm.us', '06-97621322', '1936-10-03', 'Correctional officer', ''),
(43, 'de Oude', 'Dominggus', 'H', 'Mr.', 'male', 'Onze Lieve Vrouwestraat 199', 'Heteren', '6666 AM', 157, 'DominggusdeOude@dayrep.com', '06-15039439', '1961-01-22', 'Postmaster', ''),
(44, 'Bodewes', 'Koen', 'J', 'Mr.', 'male', 'Irispark 151', 'Berkel en Rodenrijs', '2651 PS', 157, 'KoenBodewes@superrito.com', '06-98270696', '1980-11-06', 'Aircraft engineer', ''),
(45, 'van Leuken', 'Pam', 'S', 'Mrs.', 'female', 'Carstenstraat 198', 'Erica', '7887 AK', 157, 'PamvanLeuken@teleworm.us', '06-27952989', '1961-06-21', 'Merchandise manager', ''),
(46, 'Posthouwer', 'Tahira', 'R', 'Ms.', 'female', 'Van Scorelstraat 187', 'Maassluis', '3141 HR', 157, 'TahiraPosthouwer@armyspy.com', '06-14421431', '2004-05-23', 'Supply manager', ''),
(47, 'Beukema', 'Vanity', 'M', 'Ms.', 'female', 'Zandwierde 197', 'Almere', '1353 CT', 157, 'VanityBeukema@einrot.com', '06-97306260', '1963-04-08', 'Building superintendent', ''),
(48, 'Hardeman', 'Chun', 'D', 'Mr.', 'male', 'Archimedesstraat 152', 'Apeldoorn', '7316 KK', 157, 'ChunHardeman@gustr.com', '06-75181820', '1978-02-10', 'Railroad engineer', ''),
(49, 'Segers', 'Berjan', 'F', 'Mr.', 'male', 'Papegaailaan 59', 'Den Haag', '2566 XP', 157, 'BerjanSegers@jourrapide.com', '06-64026108', '1971-08-12', 'Telecommunications specialist', ''),
(50, 'Brandsma', 'Étienne', 'J', 'Mr.', 'male', 'Orchideestraat 45', 'Groningen', '9731 GG', 157, 'EtienneBrandsma@fleckens.hu', '06-54172852', '1984-12-16', 'Information security specialist', ''),
(51, 'Dorrestein', 'Sanny', 'S', 'Mrs.', 'female', 'Polstraat 44', 'Wessem', '6019 BL', 157, 'SannyDorrestein@fleckens.hu', '06-11434512', '1997-02-28', 'Credit reporter', ''),
(52, 'den Hamer', 'Matteüs', 'N', 'Mr.', 'male', 'Leunseweg 128', 'Venray', '5802 CE', 157, 'MatteusdenHamer@einrot.com', '06-77723790', '1944-02-13', 'Dietitian', ''),
(53, 'van Nielen', 'Stuart', 'M', 'Mr.', 'male', 'Dorpsweg 124', 'Zijderveld', '4122 GH', 157, 'StuartvanNielen@einrot.com', '06-34938365', '1996-01-24', 'Broker associate', ''),
(54, 'Imthorn', 'Basma', 'M', 'Ms.', 'female', 'Griftstraat 100', 'Arnhem', '6826 AN', 157, 'BasmaImthorn@armyspy.com', '06-75508615', '1962-12-02', 'Wealth manager', ''),
(55, 'Verbeek', 'Elske', 'V', 'Mrs.', 'female', 'Klaproos 41', 'Heino', '8141 DB', 157, 'ElskeVerbeek@cuvox.de', '06-96961844', '1942-08-07', 'Gaming dealer', ''),
(56, 'Posthuma', 'Timen', 'A', 'Mr.', 'male', 'Julianastraat 122', 'Venlo', '5911 AX', 157, 'TimenPosthuma@superrito.com', '06-25066185', '1985-04-05', 'Abstractor', ''),
(57, 'Linskens', 'Jard', 'H', 'Mr.', 'male', 'Breukersweg 182', 'Hengelo', '7552 EH', 157, 'JardLinskens@dayrep.com', '06-10754915', '1941-05-10', 'Automotive body and related repairer', ''),
(58, 'van Uffelen', 'Richardus', 'M', 'Mr.', 'male', 'Magnoliahove 174', 'Kwintsheul', '2295 RG', 157, 'RichardusvanUffelen@teleworm.us', '06-12910175', '1943-11-20', 'Critical care nurse', ''),
(59, 'Kamerling', 'Esli', 'M', 'Mr.', 'male', 'Goudseplein 44', 'Rotterdam', '3031 ZE', 157, 'EsliKamerling@dayrep.com', '06-68015437', '1984-12-25', 'Real estate appraiser', ''),
(60, 'Beerepoot', 'Timme', 'M', 'Mr.', 'male', 'De Genestetstraat 109', 'Zandvoort', '2041 PL', 157, 'TimmeBeerepoot@rhyta.com', '06-84755939', '1981-09-14', 'Art director', ''),
(61, 'Beije', 'Douae', 'C', 'Dr.', 'female', 'Snaarmanslaan 151', 'Alkmaar', '1815 SK', 157, 'DouaeBeije@armyspy.com', '06-50978131', '1955-12-10', 'Parking enforcement worker', ''),
(62, 'Slaats', 'Suman', 'M', 'Mrs.', 'female', 'Flavus 30', 'Nijmegen', '6541 LK', 157, 'SumanSlaats@fleckens.hu', '06-29113335', '1955-06-29', 'Health information technician', ''),
(63, 'van Els', 'Geertruida', 'J', 'Ms.', 'female', 'Pastoor Verhoevenstraat 126', 'Veldhoven', '5504 BK', 157, 'GeertruidavanEls@teleworm.us', '06-54411271', '1994-11-19', 'Defense attorney', ''),
(64, 'Alkan', 'Wart', 'V', 'Mr.', 'male', 'Leppedijk 19', 'Grou', '9001 ZD', 157, 'WartAlkan@cuvox.de', '06-96108004', '1940-06-14', 'Human resources manager', ''),
(65, 'Wessels', 'Abdelouahed', 'M', 'Mr.', 'male', 'Lansinkstraat 16', 'Haaksbergen', '7481 JS', 157, 'AbdelouahedWessels@gustr.com', '06-35950672', '1982-12-11', 'Hairstylist', ''),
(66, 'Nijeboer', 'Iliass', 'R', 'Mr.', 'male', 'Kornwierde 122', 'Almere', '1353 KK', 157, 'IliassNijeboer@rhyta.com', '06-31669388', '1977-04-15', 'Railroad brake operator', ''),
(67, 'Mirza', 'Esmee', 'L', 'Ms.', 'female', 'Langstraat 99', 'Eijsden', '6245 KK', 157, 'EsmeeMirza@fleckens.hu', '06-81568236', '1944-12-19', 'Building inspector', ''),
(68, 'van der Geest', 'Sten', 'B', 'Mr.', 'male', 'Keizershof 24', 'Alphen aan den Rijn', '2402 DA', 157, 'StenvanderGeest@cuvox.de', '06-74196341', '1955-02-25', 'Systems analyst', ''),
(69, 'Çoban', 'Charelle', 'H', 'Ms.', 'female', 'Spinkatstraat 29', 'Aalten', '7121 AL', 157, 'CharelleCoban@rhyta.com', '06-14710235', '1986-10-25', 'Esthetician', ''),
(70, 'van Barneveld', 'Esmanur', 'G', 'Mrs.', 'female', 'Kapellestraat 129', 'Veere', '4351 AL', 157, 'EsmanurvanBarneveld@dayrep.com', '06-59215188', '1992-11-19', 'Tower controller', ''),
(71, 'Winkens', 'Djarno', 'T', 'Mr.', 'male', 'De Tienden 141', 'Nuenen', '5674 TA', 157, 'DjarnoWinkens@teleworm.us', '06-18544142', '1967-05-12', 'Lay-out worker', ''),
(72, 'Stol', 'Aren', 'F', 'Mr.', 'male', 'Waalsdorperweg 149', 'Den Haag', '2597 HR', 157, 'ArenStol@teleworm.us', '06-16687068', '1997-06-06', 'Fabric mender', ''),
(73, 'Cornet', 'Mirac', 'G', 'Mr.', 'male', 'Hogelandseweg 37', 'Vianen', '4132 CX', 157, 'MiracCornet@dayrep.com', '06-95681192', '2001-06-19', 'Clinical manager', ''),
(74, 'Krul', 'Betsy', 'D', 'Dr.', 'female', 'Fluitekruid 88', 'Nieuwerkerk aan den IJssel', '2914 TA', 157, 'BetsyKrul@jourrapide.com', '06-84519074', '1944-07-06', 'Hearing officer', ''),
(75, 'van den Wildenberg', 'Mascha', 'R', 'Ms.', 'female', 'Westerbinnensingel 103', 'Groningen', '9718 BS', 157, 'MaschavandenWildenberg@einrot.com', '06-87866455', '1940-12-07', 'Cook', ''),
(76, 'van der Kaap', 'Maron', 'S', 'Mr.', 'male', 'Noordeinde 87', 'Oostzaan', '1511 AD', 157, 'MaronvanderKaap@rhyta.com', '06-66607533', '1942-09-06', 'Dietitian', ''),
(77, 'Segers', 'Henrik', 'N', 'Mr.', 'male', 'Prinses Margrietstraat 71', 'Castricum', '1901 DG', 157, 'HenrikSegers@jourrapide.com', '06-97614679', '1979-01-06', 'Ordnance handling expert', ''),
(78, 'Embregts', 'Mauritz', 'G', 'Mr.', 'male', 'Mina Krusemanstraat 109', 'Waalwijk', '5142 PS', 157, 'MauritzEmbregts@rhyta.com', '06-27621207', '1964-09-04', 'Delivery service truck driver', ''),
(79, 'Kokshoorn', 'Tarek', 'B', 'Mr.', 'male', 'Graaf Lodewijklaan 41', 'Zwartsluis', '8064 AW', 157, 'TarekKokshoorn@fleckens.hu', '06-69563099', '1976-03-27', 'Rancher', ''),
(80, 'van der Leest', 'Brayn', 'D', 'Mr.', 'male', 'Klokkengieterstraat 159', 'Alkmaar', '1825 AK', 157, 'BraynvanderLeest@einrot.com', '06-36749215', '1945-07-24', 'Personnel analyst', ''),
(81, 'Kroese', 'Peter-Jan', 'Y', 'Mr.', 'male', 'Burchtstraat 36', 'Middelaar', '6587 BB', 157, 'Peter-JanKroese@fleckens.hu', '06-84593486', '1962-10-23', 'Biological-physical anthropologist', ''),
(82, 'van Wegen', 'Abdül', 'P', 'Mr.', 'male', 'Woudlust 126', 'Westwoud', '1617 KG', 157, 'AbdulvanWegen@cuvox.de', '06-81439365', '1993-12-30', 'Family services social worker', ''),
(83, 'Vogel', 'Gilles', 'C', 'Dr.', 'male', 'Riviermos 73', 'Houten', '3994 LK', 157, 'GillesVogel@dayrep.com', '06-51858195', '1985-06-21', 'Group exercise instructor', ''),
(84, 'Melgers', 'Sherena', 'W', 'Ms.', 'female', 'Kaatsland 60', 'Sneek', '8608 EE', 157, 'SherenaMelgers@rhyta.com', '06-57039986', '1991-02-09', 'Laborer', ''),
(85, 'Klep', 'Coenradus', 'R', 'Mr.', 'male', 'Oostersingel 200', 'Groningen', '9711 XJ', 157, 'CoenradusKlep@einrot.com', '06-78043673', '1954-11-20', 'Shoe machine operator', ''),
(86, 'van Til', 'Rickey', 'D', 'Mr.', 'male', 'Groeneweg 195', 'Kruiningen', '4416 NG', 157, 'RickeyvanTil@armyspy.com', '06-21933370', '1998-09-11', 'Vocational education teacher', ''),
(87, 'Rikken', 'Amine', 'W', 'Mrs.', 'female', 'Kelmonderhofweg 127', 'Beek', '6191 RB', 157, 'AmineRikken@jourrapide.com', '06-37896356', '1965-09-07', 'Specification inspector', ''),
(88, 'Kollen', 'Leonardo', 'G', 'Mr.', 'male', 'Wildertstraat 28', 'Oud Gastel', '4751 SL', 157, 'LeonardoKollen@teleworm.us', '06-24092461', '1982-05-13', 'Lithographer', ''),
(89, 'de Kruif', 'Mareno', 'E', 'Mr.', 'male', 'Asterstraat 32', 'Den Haag', '2565 TX', 157, 'MarenodeKruif@superrito.com', '06-46849113', '1999-09-03', 'Dinkey operator', ''),
(90, 'Wessel', 'Haci', 'I', 'Mr.', 'male', 'Saskerstraat 47', 'Koedijk', '1831 CP', 157, 'HaciWessel@dayrep.com', '06-65539404', '1991-06-12', 'Family and general practitioner', ''),
(91, 'Putman', 'Rashid', 'N', 'Mr.', 'male', 'Wertsteeg 75', 'Kerkdriel', '5331 PE', 157, 'RashidPutman@einrot.com', '06-77629209', '1944-09-15', 'Industrial relations manager', ''),
(92, 'Francis', 'Kaily', 'A', 'Ms.', 'female', 'Warande 59', 'Beverwijk', '1943 BL', 157, 'KailyFrancis@jourrapide.com', '06-90463390', '1946-10-27', 'Family practitioner', ''),
(93, 'Hannink', 'Elbrich', 'T', 'Mrs.', 'female', 'Ordenplein 134', 'Apeldoorn', '7312 NL', 157, 'ElbrichHannink@gustr.com', '06-75549662', '1981-07-30', 'Prison guard', ''),
(94, 'Frans', 'Micah', 'A', 'Mr.', 'male', 'Gun 89', 'Swolgen', '5866 CB', 157, 'MicahFrans@armyspy.com', '06-61156543', '1942-08-03', 'Occupational therapist assistant', ''),
(95, 'Ossel', 'Arentje', 'M', 'Ms.', 'female', 'Azaleastraat 118', 'Heerde', '8181 TA', 157, 'ArentjeOssel@rhyta.com', '06-17455082', '1959-08-06', 'Webmaster', ''),
(96, 'Antonisse', 'Johanan', 'V', 'Mr.', 'male', 'Professor Goossenslaan 118', 'Tilburg', '5022 DM', 157, 'JohananAntonisse@fleckens.hu', '06-83429560', '1985-03-31', 'Dispatcher', ''),
(97, 'Toren', 'Basten', 'D', 'Mr.', 'male', 'Javastraat 56', 'Den Haag', '2585 AV', 157, 'BastenToren@fleckens.hu', '06-50652380', '1937-01-14', 'Lithographer', ''),
(98, 'Panman', 'Zeyneb', 'J', 'Ms.', 'female', 'Oerdijk 185', 'Schalkhaar', '7433 AJ', 157, 'ZeynebPanman@rhyta.com', '06-59834014', '1960-11-13', 'Nuclear technician', ''),
(99, 'Rietveld', 'Josias', 'J', 'Mr.', 'male', 'Stationsweg 24', 'Emst', '8166 KB', 157, 'JosiasRietveld@jourrapide.com', '06-57676166', '1993-01-04', 'Computer systems analyst', ''),
(100, 'van Dillen', 'Sören', 'L', 'Mr.', 'male', 'Potsweg 168', 'Enschede', '7523 LB', 157, 'SorenvanDillen@jourrapide.com', '06-26716352', '1971-04-26', 'Probation officer', ''),
(101, 'Schuring', 'Seyyed', 'J', 'Mr.', 'male', 'Greveningseweg 67', 'Sluis', '4524 JK', 157, 'SeyyedSchuring@teleworm.us', '06-96906657', '1995-09-24', 'Gemologist', ''),
(102, 'Vaatstra', 'Rose', 'E', 'Mrs.', 'female', 'Meeuwenlaan 87', 'Noordwijkerhout', '2211 KR', 157, 'RoseVaatstra@einrot.com', '06-80099363', '1993-11-15', 'Electromechanical equipment assembler', ''),
(103, 'de Lepper', 'Harley', 'I', 'Mr.', 'male', 'Goudenregen 48', 'Haaksbergen', '7482 WC', 157, 'HarleydeLepper@rhyta.com', '06-19755737', '1998-08-13', 'Telephone service representative', ''),
(104, 'Slabbers', 'Fae', 'J', 'Mrs.', 'female', 'Mathenessehof 85', 'Breda', '4834 EM', 157, 'FaeSlabbers@cuvox.de', '06-32494202', '1978-07-27', 'Expediting clerk', ''),
(105, 'Jacobs', 'Yoram', 'D', 'Mr.', 'male', 'Bruggenhoek 107', 'Wapenveld', '8191 NP', 157, 'YoramJacobs@einrot.com', '06-51741726', '1953-01-31', 'Library assistant', ''),
(106, 'Fennema', 'Aimad', 'J', 'Mr.', 'male', 'Molenweg 21', 'Haulerwijk', '8433 JG', 157, 'AimadFennema@armyspy.com', '06-13937359', '1969-05-06', 'Control room assistant', ''),
(107, 'Vlek', 'Fenne', 'S', 'Mrs.', 'female', 'Huiskesweg 165', 'Eindhoven', '5652 BC', 157, 'FenneVlek@einrot.com', '06-74969374', '1958-07-10', 'Personal appearance worker', ''),
(108, 'Mekking', 'Jurrian', 'J', 'Mr.', 'male', 'Giessenburg 125', 'Hoofddorp', '2135 EM', 157, 'JurrianMekking@fleckens.hu', '06-40006286', '1970-09-24', 'Camp counselor', ''),
(109, 'van Zuijlen', 'Min', 'J', 'Mr.', 'male', 'Sluiskade 133', 'Hoogezand', '9601 LA', 157, 'MinvanZuijlen@superrito.com', '06-87869694', '1967-08-04', 'Postmaster', ''),
(110, 'Zuijderduijn', 'Frédéric', 'N', 'Mr.', 'male', 'Zestienhovensekade 46', 'Rotterdam', '3043 KK', 157, 'FredericZuijderduijn@armyspy.com', '06-36401037', '1979-01-25', 'Petroleum engineer', ''),
(111, 'Rietdijk', 'Maroucha', 'A', 'Ms.', 'female', 'Pelsterstraat 15', 'Groningen', '9711 KK', 157, 'MarouchaRietdijk@cuvox.de', '06-10265455', '1985-06-27', 'Range conservationist', ''),
(112, 'Stegers', 'Enrico', 'J', 'Mr.', 'male', 'Onnemaheerd 168', 'Groningen', '9736 AN', 157, 'EnricoStegers@einrot.com', '06-48044882', '2002-09-17', 'Automotive glass installer', ''),
(113, 'Kouwenhoven', 'Geneviëve', 'S', 'Ms.', 'female', 'Emmastraat 189', 'Dordrecht', '3314 ZL', 157, 'GenevieveKouwenhoven@armyspy.com', '06-37233228', '1978-08-09', 'Independent agent', ''),
(114, 'Kraak', 'Seyhan', 'K', 'Mr.', 'male', 'Margarethaweg 43', 'Terneuzen', '4533 AS', 157, 'SeyhanKraak@einrot.com', '06-90039756', '1983-11-03', 'Fire inspector', ''),
(115, 'Koolman', 'Jense', 'J', 'Mr.', 'male', 'Subenharastraat 144', 'Zevenaar', '6901 ER', 157, 'JenseKoolman@cuvox.de', '06-39109203', '1968-11-25', 'Companion', ''),
(116, 'Boutkan', 'Corinda', 'J', 'Mrs.', 'female', 'Roompot 166', 'Terneuzen', '4535 JG', 157, 'CorindaBoutkan@gustr.com', '06-42881748', '1951-09-18', 'Jailer', ''),
(117, 'Trompetter', 'Gökhan', 'G', 'Mr.', 'male', 'De Cello 71', 'Beek en Donk', '5741 WN', 157, 'GokhanTrompetter@superrito.com', '06-57380355', '1944-03-22', 'Corporate accountant', ''),
(118, 'Wieman', 'Hiba', 'T', 'Ms.', 'female', 'Bukenhage 96', 'Lippenhuizen', '8408 HS', 157, 'HibaWieman@armyspy.com', '06-73438145', '1942-05-20', 'Marine oiler', ''),
(119, 'Akse', 'Laure', 'B', 'Ms.', 'female', 'Egelantierlaan 142', 'Haarlem', '2015 KJ', 157, 'LaureAkse@einrot.com', '06-90881141', '1978-11-12', 'Information technology trainer', ''),
(120, 'Salomé', 'Gabrielle', 'H', 'Ms.', 'female', 'Popmawal 141', 'IJlst', '8651 EA', 157, 'GabrielleSalome@einrot.com', '06-60632140', '1975-03-28', 'Real estate closer', ''),
(121, 'Bolleboom', 'Bodhi', 'L', 'Mr.', 'male', 'Ferdinand Bolstraat 82', 'Hazerswoude Dorp', '2391 VJ', 157, 'BodhiBolleboom@cuvox.de', '06-30241142', '2000-09-26', 'Landscape architect', ''),
(122, 'Bierma', 'Ilya', 'F', 'Ms.', 'female', 'Torenstraat 129', 'Waalwijk', '5142 ET', 157, 'IlyaBierma@cuvox.de', '06-94280403', '1960-01-19', 'Railroad brake, signal, and switch operator', ''),
(123, 'Kattenberg', 'Chanell', 'B', 'Mrs.', 'female', 'Marius Bauerlaan 79', 'Aerdenhout', '2111 AT', 157, 'ChanellKattenberg@dayrep.com', '06-95964594', '1945-02-28', 'Precision printing worker', ''),
(124, 'van Ravesteijn', 'Mansur', 'A', 'Mr.', 'male', 'Imkerstraat 194', 'Bemmel', '6681 AZ', 157, 'MansurvanRavesteijn@armyspy.com', '06-41630590', '1936-12-22', 'Repairer', ''),
(125, 'Wester', 'Lauren', 'C', 'Ms.', 'female', 'Regentesselaan 178', 'Utrecht', '3571 CD', 157, 'LaurenWester@jourrapide.com', '06-61300238', '1968-09-03', 'Ultrasound technologist', ''),
(126, 'Ketelaars', 'Holly', 'I', 'Ms.', 'female', 'Dennenlaan 10', 'Hoogerheide', '4631 BE', 157, 'HollyKetelaars@einrot.com', '06-42206061', '1977-05-15', 'Information officer', ''),
(127, 'Lamme', 'Loekie', 'A', 'Mrs.', 'female', 'Tuinstraat 181', 'Ooltgensplaat', '3257 BA', 157, 'LoekieLamme@gustr.com', '06-77793122', '1984-10-19', 'Credit checker', ''),
(128, 'Piqué', 'Giordano', 'M', 'Mr.', 'male', 'Kaspischestraat 194', 'Emmeloord', '8303 EX', 157, 'GiordanoPique@gustr.com', '06-28043740', '1956-04-18', 'Blood bank technologist', ''),
(129, 'Langendoen', 'Marnik', 'S', 'Mr.', 'male', 'Van Malsenstraat 132', 'Goirle', '5051 CA', 157, 'MarnikLangendoen@einrot.com', '06-74557322', '1986-06-27', 'Administrative professional', ''),
(130, 'Hiemstra', 'Ferris', 'K', 'Mr.', 'male', 'Huygensstraat 17', 'Boxtel', '5283 JM', 157, 'FerrisHiemstra@superrito.com', '06-70199315', '1940-01-21', 'Slot key person', ''),
(131, 'Cuypers', 'Dorien', 'A', 'Dr.', 'female', 'Jonkerswijk 85', 'Smilde', '9422 TA', 157, 'DorienCuypers@armyspy.com', '06-92595023', '1982-11-26', 'Media outreach specialist', ''),
(132, 'Braakhekke', 'Nout', 'L', 'Mr.', 'male', 'Brede Hilledijk 119', 'Rotterdam', '3072 NC', 157, 'NoutBraakhekke@fleckens.hu', '06-65733314', '1937-12-10', 'Dog trainer', ''),
(133, 'Rauwerda', 'Igor', 'D', 'Mr.', 'male', 'Borchgraven 55', 'Varsseveld', '7051 CW', 157, 'IgorRauwerda@einrot.com', '06-73418187', '1993-07-25', 'Bench jeweler', ''),
(134, 'Naafs', 'Tamika', 'N', 'Mrs.', 'female', 'Amerikaring 191', 'Amersfoort', '3823 HT', 157, 'TamikaNaafs@armyspy.com', '06-12481852', '1954-08-09', 'Student affairs administrator', ''),
(135, 'Beens', 'Beverly', 'R', 'Mrs.', 'female', 'Arrestruwe 46', 'Maastricht', '6218 BJ', 157, 'BeverlyBeens@fleckens.hu', '06-24676226', '1988-09-18', 'Petroleum technician', ''),
(136, 'Berkelmans', 'Fransina', 'U', 'Ms.', 'female', 'Brabant 9', 'Zwijndrecht', '3332 GG', 157, 'FransinaBerkelmans@jourrapide.com', '06-49479942', '1986-06-22', 'Unclaimed property officer', ''),
(137, 'Wennink', 'Imran', 'D', 'Mr.', 'male', 'Prins Hendriklaan 58', 'Ede', '6713 NE', 157, 'ImranWennink@armyspy.com', '06-89755333', '2000-05-15', 'Retail salesperson', ''),
(138, 'Hibma', 'Fokke', 'L', 'Mr.', 'male', 'Lisztstraat 15', 'Delft', '2625 BM', 157, 'FokkeHibma@rhyta.com', '06-26819421', '2003-04-05', 'Unclaimed property officer', ''),
(139, 'Buurman', 'Babette', 'E', 'Mrs.', 'female', 'Pensionaatstraat 76', 'Kerkrade', '6462 GX', 157, 'BabetteBuurman@dayrep.com', '06-63702035', '1955-07-28', 'Emergency and disaster response worker', ''),
(140, 'Steijns', 'Kent', 'F', 'Mr.', 'male', 'Heiloostraat 113', 'Den Haag', '2547 KB', 157, 'KentSteijns@armyspy.com', '06-99823238', '1963-04-23', 'Wound, ostomy, and continence nurse', ''),
(141, 'Stoppelenburg', 'Carianne', 'T', 'Ms.', 'female', 'Burg Wesselinkstraat 115', 'Maassluis', '3145 SP', 157, 'CarianneStoppelenburg@jourrapide.com', '06-86773304', '1941-08-07', 'Administrative office assistant', ''),
(142, 'Velders', 'Kirby', 'M', 'Mrs.', 'female', 'Bunschotenlaan 101', 'Emmeloord', '8304 EW', 157, 'KirbyVelders@jourrapide.com', '06-40508119', '1977-03-04', 'Landlord', ''),
(143, 'Admiraal', 'Kubilay', 'R', 'Mr.', 'male', 'Driemondweg 162', 'Amsterdam-Zuidoost', '1108 AJ', 157, 'KubilayAdmiraal@superrito.com', '06-67371531', '1944-07-17', 'Independent agent', ''),
(144, 'Hak', 'Rinesh', 'S', 'Mr.', 'male', 'Hofteweg 198', 'Enschede', '7543 ZX', 157, 'RineshHak@cuvox.de', '06-13874077', '2003-10-05', 'Conservation forester', ''),
(145, 'van de Veen', 'Jelte', 'L', 'Mr.', 'male', 'Gantel 94', 'Klazienaveen', '7891 XA', 157, 'JeltevandeVeen@cuvox.de', '06-48876505', '1964-08-16', 'Station agent', ''),
(146, 'Wilbers', 'Sümeyya', 'S', 'Mrs.', 'female', 'Nieuwkerksedijk-Zuid 164', 'Goirle', '5051 DW', 157, 'SumeyyaWilbers@einrot.com', '06-40115116', '1993-06-17', 'Archivist', ''),
(147, 'Hazewinkel', 'Tobi', 'L', 'Mr.', 'male', 'Reggestraat 21', 'Nieuwegein', '3433 BN', 157, 'TobiHazewinkel@armyspy.com', '06-64996597', '1948-10-02', 'Photographic spotter', ''),
(148, 'Schmit', 'Yip', 'T', 'Mr.', 'male', 'Kenaustraat 71', 'Den Haag', '2581 TX', 157, 'YipSchmit@einrot.com', '06-39106867', '1991-06-03', 'Lobbyist', ''),
(149, 'Hilkens', 'Marriët', 'K', 'Ms.', 'female', 'Rijndijk 111', 'Hazerswoude Rijndijk', '2394 AD', 157, 'MarrietHilkens@teleworm.us', '06-22072920', '1995-02-17', 'News analyst', ''),
(150, 'Luttik', 'Rosali', 'D', 'Mrs.', 'female', 'Teersdijk 127', 'Wijchen', '6603 KJ', 157, 'RosaliLuttik@gustr.com', '06-15434806', '2002-09-29', 'Railroad brake, signal, and switch operator', '');

-- --------------------------------------------------------

--
-- Tabelstructuur voor tabel `country`
--

CREATE TABLE `country` (
  `idcountry` int(5) NOT NULL,
  `name` varchar(45) NOT NULL,
  `code` varchar(3) NOT NULL
) ENGINE=InnoDB DEFAULT CHARSET=utf8;

--
-- Gegevens worden geëxporteerd voor tabel `country`
--

INSERT INTO `country` (`idcountry`, `name`, `code`) VALUES
(1, 'Afghanistan', 'AF'),
(2, 'Aland Islands', 'AX'),
(3, 'Albania', 'AL'),
(4, 'Algeria', 'DZ'),
(5, 'American Samoa', 'AS'),
(6, 'Andorra', 'AD'),
(7, 'Angola', 'AO'),
(8, 'Anguilla', 'AI'),
(9, 'Antarctica', 'AQ'),
(10, 'Antigua and Barbuda', 'AG'),
(11, 'Argentina', 'AR'),
(12, 'Armenia', 'AM'),
(13, 'Aruba', 'AW'),
(14, 'Australia', 'AU'),
(15, 'Austria', 'AT'),
(16, 'Azerbaijan', 'AZ'),
(17, 'Bahamas', 'BS'),
(18, 'Bahrain', 'BH'),
(19, 'Bangladesh', 'BD'),
(20, 'Barbados', 'BB'),
(21, 'Belarus', 'BY'),
(22, 'Belgium', 'BE'),
(23, 'Belize', 'BZ'),
(24, 'Benin', 'BJ'),
(25, 'Bermuda', 'BM'),
(26, 'Bhutan', 'BT'),
(27, 'Bolivia, Plurinational State of', 'BO'),
(28, 'Bonaire, Sint Eustatius and Saba', 'BQ'),
(29, 'Bosnia and Herzegovina', 'BA'),
(30, 'Botswana', 'BW'),
(31, 'Bouvet Island', 'BV'),
(32, 'Brazil', 'BR'),
(33, 'British Indian Ocean Territory', 'IO'),
(34, 'Brunei Darussalam', 'BN'),
(35, 'Bulgaria', 'BG'),
(36, 'Burkina Faso', 'BF'),
(37, 'Burundi', 'BI'),
(38, 'Cambodia', 'KH'),
(39, 'Cameroon', 'CM'),
(40, 'Canada', 'CA'),
(41, 'Cape Verde', 'CV'),
(42, 'Cayman Islands', 'KY'),
(43, 'Central African Republic', 'CF'),
(44, 'Chad', 'TD'),
(45, 'Chile', 'CL'),
(46, 'China', 'CN'),
(47, 'Christmas Island', 'CX'),
(48, 'Cocos (Keeling) Islands', 'CC'),
(49, 'Colombia', 'CO'),
(50, 'Comoros', 'KM'),
(51, 'Congo', 'CG'),
(52, 'Congo, the Democratic Republic of the', 'CD'),
(53, 'Cook Islands', 'CK'),
(54, 'Costa Rica', 'CR'),
(55, 'Côte d\'Ivoire', 'CI'),
(56, 'Croatia', 'HR'),
(57, 'Cuba', 'CU'),
(58, 'Curacao', 'CW'),
(59, 'Cyprus', 'CY'),
(60, 'Czech Republic', 'CZ'),
(61, 'Denmark', 'DK'),
(62, 'Djibouti', 'DJ'),
(63, 'Dominica', 'DM'),
(64, 'Dominican Republic', 'DO'),
(65, 'Ecuador', 'EC'),
(66, 'Egypt', 'EG'),
(67, 'El Salvador', 'SV'),
(68, 'Equatorial Guinea', 'GQ'),
(69, 'Eritrea', 'ER'),
(70, 'Estonia', 'EE'),
(71, 'Ethiopia', 'ET'),
(72, 'Falkland Islands (Malvinas)', 'FK'),
(73, 'Faroe Islands', 'FO'),
(74, 'Fiji', 'FJ'),
(75, 'Finland', 'FI'),
(76, 'France', 'FR'),
(77, 'French Guiana', 'GF'),
(78, 'French Polynesia', 'PF'),
(79, 'French Southern Territories', 'TF'),
(80, 'Gabon', 'GA'),
(81, 'Gambia', 'GM'),
(82, 'Georgia', 'GE'),
(83, 'Germany', 'DE'),
(84, 'Ghana', 'GH'),
(85, 'Gibraltar', 'GI'),
(86, 'Greece', 'GR'),
(87, 'Greenland', 'GL'),
(88, 'Grenada', 'GD'),
(89, 'Guadeloupe', 'GP'),
(90, 'Guam', 'GU'),
(91, 'Guatemala', 'GT'),
(92, 'Guernsey', 'GG'),
(93, 'Guinea', 'GN'),
(94, 'Guinea-Bissau', 'GW'),
(95, 'Guyana', 'GY'),
(96, 'Haiti', 'HT'),
(97, 'Heard Island and McDonald Islands', 'HM'),
(98, 'Holy See (Vatican City State)', 'VA'),
(99, 'Honduras', 'HN'),
(100, 'Hong Kong', 'HK'),
(101, 'Hungary', 'HU'),
(102, 'Iceland', 'IS'),
(103, 'India', 'IN'),
(104, 'Indonesia', 'ID'),
(105, 'Iran, Islamic Republic of', 'IR'),
(106, 'Iraq', 'IQ'),
(107, 'Ireland', 'IE'),
(108, 'Isle of Man', 'IM'),
(109, 'Israel', 'IL'),
(110, 'Italy', 'IT'),
(111, 'Jamaica', 'JM'),
(112, 'Japan', 'JP'),
(113, 'Jersey', 'JE'),
(114, 'Jordan', 'JO'),
(115, 'Kazakhstan', 'KZ'),
(116, 'Kenya', 'KE'),
(117, 'Kiribati', 'KI'),
(118, 'Korea, Democratic People\'s Republic of', 'KP'),
(119, 'Korea, Republic of', 'KR'),
(120, 'Kuwait', 'KW'),
(121, 'Kyrgyzstan', 'KG'),
(122, 'Lao People\'s Democratic Republic', 'LA'),
(123, 'Latvia', 'LV'),
(124, 'Lebanon', 'LB'),
(125, 'Lesotho', 'LS'),
(126, 'Liberia', 'LR'),
(127, 'Libya', 'LY'),
(128, 'Liechtenstein', 'LI'),
(129, 'Lithuania', 'LT'),
(130, 'Luxembourg', 'LU'),
(131, 'Macao', 'MO'),
(132, 'Macedonia, the Former Yugoslav Republic of', 'MK'),
(133, 'Madagascar', 'MG'),
(134, 'Malawi', 'MW'),
(135, 'Malaysia', 'MY'),
(136, 'Maldives', 'MV'),
(137, 'Mali', 'ML'),
(138, 'Malta', 'MT'),
(139, 'Marshall Islands', 'MH'),
(140, 'Martinique', 'MQ'),
(141, 'Mauritania', 'MR'),
(142, 'Mauritius', 'MU'),
(143, 'Mayotte', 'YT'),
(144, 'Mexico', 'MX'),
(145, 'Micronesia, Federated States of', 'FM'),
(146, 'Moldova, Republic of', 'MD'),
(147, 'Monaco', 'MC'),
(148, 'Mongolia', 'MN'),
(149, 'Montenegro', 'ME'),
(150, 'Montserrat', 'MS'),
(151, 'Morocco', 'MA'),
(152, 'Mozambique', 'MZ'),
(153, 'Myanmar', 'MM'),
(154, 'Namibia', 'NA'),
(155, 'Nauru', 'NR'),
(156, 'Nepal', 'NP'),
(157, 'Netherlands', 'NL'),
(158, 'New Caledonia', 'NC'),
(159, 'New Zealand', 'NZ'),
(160, 'Nicaragua', 'NI'),
(161, 'Niger', 'NE'),
(162, 'Nigeria', 'NG'),
(163, 'Niue', 'NU'),
(164, 'Norfolk Island', 'NF'),
(165, 'Northern Mariana Islands', 'MP'),
(166, 'Norway', 'NO'),
(167, 'Oman', 'OM'),
(168, 'Pakistan', 'PK'),
(169, 'Palau', 'PW'),
(170, 'Palestine, State of', 'PS'),
(171, 'Panama', 'PA'),
(172, 'Papua New Guinea', 'PG'),
(173, 'Paraguay', 'PY'),
(174, 'Peru', 'PE'),
(175, 'Philippines', 'PH'),
(176, 'Pitcairn', 'PN'),
(177, 'Poland', 'PL'),
(178, 'Portugal', 'PT'),
(179, 'Puerto Rico', 'PR'),
(180, 'Qatar', 'QA'),
(181, 'Réunion', 'RE'),
(182, 'Romania', 'RO'),
(183, 'Russian Federation', 'RU'),
(184, 'Rwanda', 'RW'),
(185, 'Saint Barthélemy', 'BL'),
(186, 'Saint Helena, Ascension and Tristan da Cunha', 'SH'),
(187, 'Saint Kitts and Nevis', 'KN'),
(188, 'Saint Lucia', 'LC'),
(189, 'Saint Martin (French part)', 'MF'),
(190, 'Saint Pierre and Miquelon', 'PM'),
(191, 'Saint Vincent and the Grenadines', 'VC'),
(192, 'Samoa', 'WS'),
(193, 'San Marino', 'SM'),
(194, 'Sao Tome and Principe', 'ST'),
(195, 'Saudi Arabia', 'SA'),
(196, 'Senegal', 'SN'),
(197, 'Serbia', 'RS'),
(198, 'Seychelles', 'SC'),
(199, 'Sierra Leone', 'SL'),
(200, 'Singapore', 'SG'),
(201, 'Sint Maarten (Dutch part)', 'SX'),
(202, 'Slovakia', 'SK'),
(203, 'Slovenia', 'SI'),
(204, 'Solomon Islands', 'SB'),
(205, 'Somalia', 'SO'),
(206, 'South Africa', 'ZA'),
(207, 'South Georgia and the South Sandwich Islands', 'GS'),
(208, 'South Sudan', 'SS'),
(209, 'Spain', 'ES'),
(210, 'Sri Lanka', 'LK'),
(211, 'Sudan', 'SD'),
(212, 'Suriname', 'SR'),
(213, 'Svalbard and Jan Mayen', 'SJ'),
(214, 'Swaziland', 'SZ'),
(215, 'Sweden', 'SE'),
(216, 'Switzerland', 'CH'),
(217, 'Syrian Arab Republic', 'SY'),
(218, 'Taiwan, Province of China', 'TW'),
(219, 'Tajikistan', 'TJ'),
(220, 'Tanzania, United Republic of', 'TZ'),
(221, 'Thailand', 'TH'),
(222, 'Timor-Leste', 'TL'),
(223, 'Togo', 'TG'),
(224, 'Tokelau', 'TK'),
(225, 'Tonga', 'TO'),
(226, 'Trinidad and Tobago', 'TT'),
(227, 'Tunisia', 'TN'),
(228, 'Turkey', 'TR'),
(229, 'Turkmenistan', 'TM'),
(230, 'Turks and Caicos Islands', 'TC'),
(231, 'Tuvalu', 'TV'),
(232, 'Uganda', 'UG'),
(233, 'Ukraine', 'UA'),
(234, 'United Arab Emirates', 'AE'),
(235, 'United Kingdom', 'GB'),
(236, 'United States', 'US'),
(237, 'United States Minor Outlying Islands', 'UM'),
(238, 'Uruguay', 'UY'),
(239, 'Uzbekistan', 'UZ'),
(240, 'Vanuatu', 'VU'),
(241, 'Venezuela, Bolivarian Republic of', 'VE'),
(242, 'Viet Nam', 'VN'),
(243, 'Virgin Islands, British', 'VG'),
(244, 'Virgin Islands, U.S.', 'VI'),
(245, 'Wallis and Futuna', 'WF'),
(246, 'Western Sahara', 'EH'),
(247, 'Yemen', 'YE'),
(248, 'Zambia', 'ZM'),
(249, 'Zimbabwe', 'ZW');

-- --------------------------------------------------------

--
-- Tabelstructuur voor tabel `product`
--

CREATE TABLE `product` (
  `idproduct` int(5) NOT NULL,
  `typeid` int(5) NOT NULL,
  `stockquantity` int(6) NOT NULL,
  `price` decimal(7,2) NOT NULL,
  `imageref` varchar(60) NOT NULL,
  `prodname` varchar(55) NOT NULL,
  `proddesc` varchar(120) NOT NULL
) ENGINE=InnoDB DEFAULT CHARSET=utf8;

--
-- Gegevens worden geëxporteerd voor tabel `product`
--

INSERT INTO `product` (`idproduct`, `typeid`, `stockquantity`, `price`, `imageref`, `prodname`, `proddesc`) VALUES
(1, 1, 20, '15.95', 'images/plaatje004.jpg', 'testproduct1', 'omschrijving bij testproduct1 om te zien of het goed werkt'),
(2, 1, 35, '6.99', 'images/plaatje035.jpg', 'testproduct2', 'omschrijving bij testproduct 2 om te zien of het goed werkt'),
(3, 2, 28, '7.99', 'images/plaatje006.jpg', 'testartikel3', 'Dit is een omschrijving van het derde artikel'),
(4, 2, 125, '102.00', 'images/plaatje007.jpg', 'Testproduct4', 'Dit is een omschrijving bij testproduct4'),
(5, 1, 505, '29.99', 'Productfoto\'s/Artic Monkeys/Whatever.jpg', 'Whatever People Say I Am, That\'s What I\'m Not', '1ste album van Artic Monkeys op Vinyl'),
(6, 3, 1009, '19.99', 'Productfoto\'s/Artic Monkeys/Whatever.jpg', 'Whatever People Say I Am, That\'s What I\'m Not', '1ste album van Artic Monkeys op CD'),
(7, 1, 210, '49.99', 'Productfoto\'s/Bell Witch/mirrorreaper.jpg', 'Mirror Reaper', 'Een 1:10:39 duurende Funeral Doom Album op Vinyl'),
(8, 3, 322, '21.99', 'Productfoto\'s/Bell Witch/mirrorreaper.jpg', 'Mirror Reaper', 'Een 1:10:39 duurende Funeral Doom Album op CD'),
(9, 6, 55, '13.99', 'Productfoto\'s/Bell Witch/mirrorcassete.jpg', 'Mirror Reaper', 'Een 1:10:39 duurende Funeral Doom Album op Cassette'),
(10, 1, 1970, '15.99', 'Productfoto\'s/Black Sabbath/selftitled.jpg', 'Black Sabbath', '1ste Album van de Band Black Sabbath (1ste Metal album ooit)'),
(11, 3, 654, '11.99', 'Productfoto\'s/Black Sabbath/selftitled.jpg', 'Black Sabbath', '1ste Album van de Band Black Sabbath (1ste Metal album ooit)'),
(12, 1, 666, '24.99', 'Productfoto\'s/Black Sabbath/heavenandhell.jpg', 'Heaven and Hell', 'Iconische album met Ronnie James Dio in plaats van Ozzy Osbourne'),
(13, 3, 188, '19.99', 'Productfoto\'s/Black Sabbath/heavenandhell.jpg', 'Heaven and Hell', 'Iconische album met Ronnie James Dio in plaats van Ozzy Osbourne'),
(14, 4, 41, '7.99', 'Productfoto\'s/Black Sabbath/princeofdarknessdvd.jpg', 'Prince of Darkness (Black Sabbath)', 'Een kleine Documantaire over de zanger Ozzy Osbourne'),
(15, 1, 400, '34.99', 'Productfoto\'s/Celtic Frost/megatherion.jpg', 'To Megatherion', 'Klassieke album van de Cult-band Celtic Frost'),
(16, 3, 300, '19.99', 'Productfoto\'s/Celtic Frost/megatherion.jpg', 'To Megatherion', 'Klassieke album van de Cult-band Celtic Frost'),
(17, 1, 119, '45.50', 'Productfoto\'s/Celtic Frost/monotheist.jpg', 'Monotheist', 'Laatste album van de band Celtic Frost voordat ze Tryptykon genoemd werden'),
(18, 3, 66, '19.99', 'Productfoto\'s/Celtic Frost/monotheist.jpg', 'Monotheist', 'Laatste album van de band Celtic Frost voordat ze Tryptykon genoemd werden'),
(19, 1, 400, '25.00', 'Productfoto\'s/Danzig/danzig.jpg', 'Danzig', 'Metal Classic van de Zanger Glenn Danzig (Misfits Fame)'),
(20, 3, 200, '15.00', 'Productfoto\'s/Danzig/danzig.jpg', 'Danzig', 'Metal Classic van de Zanger Glenn Danzig (Misfits Fame)'),
(21, 6, 33, '11.99', 'Productfoto\'s/Danzig/danzigcassete.jpg', 'Danzig', 'Metal Classic van de Zanger Glenn Danzig (Misfits Fame)'),
(22, 1, 333, '21.99', 'Productfoto\'s/Darkthrone/transilvanianhunger.jpg', 'Transilvanian Hunger', 'Second Wave Black Metal Album uit Norwegen'),
(23, 3, 210, '14.99', 'Productfoto\'s/Darkthrone/transilvanianhunger.jpg', 'Transilvanian Hunger', 'Second Wave Black Metal Album uit Norwegen van de band Darkthrone'),
(24, 6, 42, '12.99', 'Productfoto\'s/Darkthrone/transilvaniancassete.jpg', 'Transilvanian Hunger', 'Second Wave Black Metal Album uit Norwegen van de band Darkthrone'),
(25, 2, 17, '50.00', 'Productfoto\'s/Darkthrone/oldones7inch.jpg', 'Old Ones Boxset', '3rd Wave Black Metal Album uit Norwegen van de band Darkthrone'),
(26, 1, 133, '20.00', 'Productfoto\'s/Dead Kennedy\'s/convenienceordeath.jpg', 'Give us convenience or death', 'Album van de Punk band Dead Kennedy\'s'),
(27, 3, 120, '15.00', 'Productfoto\'s/Dead Kennedy\'s/convenienceordeath.jpg', 'Give us convenience or death', 'Album van de Punk band Dead Kennedy\'s'),
(28, 1, 200, '20.00', 'Productfoto\'s/Dead Kennedy\'s/plasticsurgery.jpg', 'Plastic Surgery', 'Album van de Punk band Dead Kennedy\'s'),
(29, 3, 200, '14.99', 'Productfoto\'s/Dead Kennedy\'s/plasticsurgery.jpg', 'Plastic Surgery', 'Album van de Punk band Dead Kennedy\'s'),
(30, 2, 25, '30.00', 'Productfoto\'s/Dead Kennedy\'s/nazipunksfuckoff7inch.jpg', 'Nazi Punks Fuck off', 'Single van de Punk band Dead Kennedy\'s'),
(31, 1, 1000, '25.00', 'Productfoto\'s/Dio/holydiver.jpg', 'Holy Diver', '1ste Solo Album van Ronnie James Dio'),
(32, 3, 343, '15.99', 'Productfoto\'s/Dio/holydiver.jpg', 'Holy Diver', '1ste Solo Album van Ronnie James Dio'),
(33, 1, 248, '25.00', 'Productfoto\'s/Dio/angrymachines.jpg', 'Angry Machines', 'Laatse Album van Ronnie James Dio'),
(34, 3, 242, '15.99', 'Productfoto\'s/Dio/angrymachines.jpg', 'Angry Machines', 'Laatse Album van Ronnie James Dio'),
(35, 1, 300, '30.00', 'Productfoto\'s/Electric Wizard/dopethrone.jpg', 'Dopethrone', 'Stoner/Doom Metal Band uit Engeland'),
(36, 3, 250, '19.99', 'Productfoto\'s/Electric Wizard/dopethrone.jpg', 'Dopethrone', 'Stoner/Doom Metal Band uit Engeland'),
(37, 1, 500, '23.99', 'Productfoto\'s/Heaven Shall Burn/antigone.jpg', 'AntiGone', '4de album van Melodeath band Heaven Shall Burn'),
(38, 3, 303, '15.00', 'Productfoto\'s/Heaven Shall Burn/antigone.jpg', 'AntiGone', '4de album van Melodeath band Heaven Shall Burn'),
(39, 1, 750, '23.99', 'Productfoto\'s/Heaven Shall Burn/iconoclast.jpg', 'Iconoclast', '7de album van de Melodeath band Heaven Shall Burn'),
(40, 3, 400, '15.00', 'Productfoto\'s/Heaven Shall Burn/iconoclast.jpg', 'Iconoclast', '7de album van de Melodeath band Heaven Shall Burn'),
(41, 4, 100, '12.99', 'Productfoto\'s/Heaven Shall Burn/bildersturmdvd.jpg', 'Bildersturm : Iconoclast Part 2', 'Live Concert van de band Heaven Shall Burn op Wacken 2009'),
(42, 5, 100, '17.99', 'Productfoto\'s/Heaven Shall Burn/bildersturmdvd.jpg', 'Bildersturm : Iconoclast Part 2', 'Live Concert van de band Heaven Shall Burn op Wacken 2010'),
(43, 1, 499, '23.99', 'Productfoto\'s/Heaven Shall Burn/invictus.jpg', 'Invictus : Iconoclast Part 3', '8ste Album van de Melodeath band Heaven Shall Burn en de einde van de Iconoclast Trilogie'),
(44, 3, 399, '15.00', 'Productfoto\'s/Heaven Shall Burn/invictus.jpg', 'Invictus : Iconoclast Part 3', '8ste Album van de Melodeath band Heaven Shall Burn en de einde van de Iconoclast Trilogie'),
(45, 1, 200, '30.00', 'Productfoto\'s/Heaven Shall Burn/veto.jpg', 'Veto', '9de Album van de Melodeath band Heaven Shall Burn'),
(46, 3, 149, '15.00', 'Productfoto\'s/Heaven Shall Burn/veto.jpg', 'Veto', '9de Album van de Melodeath band Heaven Shall Burn'),
(47, 1, 200, '35.00', 'Productfoto\'s/Heaven Shall Burn/truthandsacrifice.jpg', 'Of Thuth and Sacrifice', '10de Album Van de Melodeath Band Heaven Shall Burn'),
(48, 3, 39, '20.00', 'Productfoto\'s/Heaven Shall Burn/truthandsacrifice.jpg', 'Of Thuth and Sacrifice', '10de Album Van de Melodeath Band Heaven Shall Burn'),
(49, 1, 5, '188.99', 'Productfoto\'s/Infant Annihilator/plop.jpg', 'The Palpable Leprosy Of Pollution', '1ste Album van Infant Annihilator met Vocalist Dan Watson'),
(50, 3, 11, '35.99', 'Productfoto\'s/Infant Annihilator/plop.jpg', 'The Palpable Leprosy Of Pollution', '1ste Album van Infant Annihilator met Vocalist Dan Watson'),
(51, 1, 2, '399.99', 'Productfoto\'s/Infant Annihilator/egg.jpg', 'The Elysian Grandeval Galèriarch', '2de Album van Infant Annihilator met Vocalist Dickie Allen'),
(52, 3, 30, '50.99', 'Productfoto\'s/Infant Annihilator/egg.jpg', 'The Elysian Grandeval Galèriarch', '2de Album van Infant Annihilator met Vocalist Dickie Allen'),
(53, 1, 4, '300.99', 'Productfoto\'s/Infant Annihilator/boy.jpg', 'The Battle Of Yaldabaoth', '3de Album van Infant Annihilator met Vocalist Dickie Allen en meer'),
(54, 3, 12, '50.00', 'Productfoto\'s/Infant Annihilator/boy.jpg', 'The Battle Of Yaldabaoth', '3de Album van Infant Annihilator met Vocalist Dickie Allen en meer'),
(55, 1, 400, '30.00', 'Productfoto\'s/Iron Maiden/fearofthedark.jpg', 'Fear of the Dark', 'Iconische Album van de band Iron Maiden'),
(56, 3, 600, '12.99', 'Productfoto\'s/Iron Maiden/fearofthedark.jpg', 'Fear of the Dark', 'Iconische Album van de band Iron Maiden'),
(57, 1, 320, '24.99', 'Productfoto\'s/Mayhem/deathcrush.jpg', 'Deathcrush', '1ste EP van de Cult Classic Mayhem'),
(58, 3, 400, '14.99', 'Productfoto\'s/Mayhem/deathcrush.jpg', 'Deathcrush', '1ste EP van de Cult Classic Mayhem'),
(59, 6, 90, '12.99', 'Productfoto\'s/Mayhem/deathcrushcassette.jpg', 'Deathcrush', '1ste EP van de Cult Classic Mayhem'),
(60, 1, 666, '80.99', 'Productfoto\'s/Mayhem/mysteriis.jpg', 'De Mysteriis Dom Sathanas', 'Laatse album met de Vocalist Dead En gitarist Eronymous van de band Mayhem'),
(61, 3, 200, '30.99', 'Productfoto\'s/Mayhem/mysteriis.jpg', 'De Mysteriis Dom Sathanas', 'Laatse album met de Vocalist Dead En gitarist Eronymous van de band Mayhem'),
(62, 1, 333, '21.99', 'Productfoto\'s/Napalm Death/scum.jpg', 'Scum', '1ste Album van Grindcore band Napalm Death'),
(63, 3, 155, '10.00', 'Productfoto\'s/Napalm Death/scum.jpg', 'Scum', '1ste Album van Grindcore band Napalm Death'),
(64, 2, 100, '24.99', 'Productfoto\'s/Napalm Death/nazipunksfuckoff7inch.jpg', 'Nazi Punks Fuck off', 'Napalm Death Cover versie van Dead Kennedy\'s EP Nazi Punks Fuck off'),
(65, 1, 500, '15.99', 'Productfoto\'s/Prince/1999.jpg', '1999', 'Iconische Album van Prince'),
(66, 3, 450, '10.00', 'Productfoto\'s/Prince/1999.jpg', '1999', 'Iconische Album van Prince'),
(67, 1, 500, '15.99', 'Productfoto\'s/Prince/purplerain.jpg', 'Purple Rain', 'Iconische Album van Prince'),
(68, 3, 450, '10.00', 'Productfoto\'s/Prince/purplerain.jpg', 'Purple Rain', 'Iconische Album van Prince'),
(69, 1, 699, '22.99', 'Productfoto\'s/Rolling Stones/stickyfingers.jpg', 'Sticky Fingers', 'Iconische Album van Rolling Stones'),
(70, 3, 376, '12.99', 'Productfoto\'s/Rolling Stones/stickyfingers.jpg', 'Sticky Fingers', 'Iconische Album van Rolling Stones'),
(71, 1, 100, '99.99', 'Productfoto\'s/Sleep/dopesmoker.jpg', 'Dopesmoker', 'Iconische Stoner Metal Album van de Band Sleep'),
(72, 3, 50, '67.99', 'Productfoto\'s/Sleep/dopesmoker.jpg', 'Dopesmoker', 'Iconische Stoner Metal Album van de Band Sleep'),
(73, 6, 13, '40.99', 'Productfoto\'s/Sleep/dopecassette.jpg', 'Dopesmoker', 'Iconische Stoner Metal Album van de Band Sleep'),
(74, 1, 99, '30.00', 'Productfoto\'s/Sleep/holymountain.jpg', 'Holy Mountain', 'Iconische 1ste Stoner Metal Album van de Band Sleep'),
(75, 3, 82, '25.00', 'Productfoto\'s/Sleep/holymountain.jpg', 'Holy Mountain', 'Iconische 1ste Stoner Metal Album van de Band Sleep'),
(76, 1, 100, '1.00', '', 'test', 'test');

-- --------------------------------------------------------

--
-- Tabelstructuur voor tabel `purchase`
--

CREATE TABLE `purchase` (
  `idpurchase` int(5) NOT NULL,
  `purchasedate` date NOT NULL,
  `paidamount` decimal(8,2) NOT NULL,
  `paidinfulldate` date NOT NULL,
  `deliverydate` date NOT NULL,
  `clientid` int(5) NOT NULL
) ENGINE=InnoDB DEFAULT CHARSET=utf8;

--
-- Gegevens worden geëxporteerd voor tabel `purchase`
--

INSERT INTO `purchase` (`idpurchase`, `purchasedate`, `paidamount`, `paidinfulldate`, `deliverydate`, `clientid`) VALUES
(1, '2021-01-19', '848.75', '2021-01-20', '2021-02-04', 11),
(2, '2021-01-19', '1496.67', '2021-02-01', '2021-02-13', 135),
(3, '2021-01-19', '3466.82', '2021-01-23', '2021-02-02', 95),
(4, '2021-01-20', '679.90', '2021-01-21', '2021-01-24', 144),
(5, '2021-01-20', '1748.96', '2021-01-21', '2021-01-22', 31),
(6, '2021-01-21', '2532.54', '2021-01-22', '2021-01-26', 10),
(7, '2021-01-22', '794.74', '2021-01-23', '2021-02-01', 56),
(8, '2021-01-22', '1270.73', '2021-01-26', '2021-01-26', 76),
(9, '2021-01-25', '212.94', '2021-01-27', '2021-02-11', 14),
(10, '2021-01-26', '854.94', '2021-01-26', '2021-01-27', 140),
(11, '2021-01-27', '3173.65', '2021-02-11', '2021-02-12', 111),
(12, '2021-01-28', '536.92', '2021-02-04', '2021-02-05', 142),
(13, '2021-01-31', '1630.81', '2021-02-05', '2021-02-09', 115),
(14, '2021-02-01', '1258.68', '2021-02-02', '2021-02-02', 104),
(15, '2021-02-02', '50.00', '2021-02-03', '2021-02-04', 91),
(16, '2021-02-03', '1195.75', '2021-02-18', '0000-00-00', 30),
(17, '2021-02-07', '69.72', '0000-00-00', '0000-00-00', 137),
(18, '2021-02-12', '780.26', '2021-02-19', '2021-03-01', 105),
(19, '2021-02-17', '316.91', '2021-02-23', '2021-03-05', 124),
(20, '2021-02-18', '351.87', '2021-02-27', '2021-03-02', 126),
(21, '2021-02-22', '1247.57', '2021-02-22', '2021-02-28', 37),
(22, '2021-02-23', '1787.14', '0000-00-00', '0000-00-00', 130),
(23, '2021-02-24', '219.89', '2021-03-07', '2021-03-08', 53),
(24, '2021-02-27', '1825.93', '2021-02-28', '2021-03-01', 30),
(25, '2021-02-28', '3079.78', '2021-03-01', '2021-03-02', 91),
(26, '2021-03-01', '110.00', '2021-03-01', '2021-03-02', 24),
(27, '2021-03-02', '3478.84', '2021-03-06', '2021-03-18', 32),
(28, '2021-03-06', '1192.86', '2021-03-06', '2021-03-07', 87),
(29, '2021-03-07', '262.94', '2021-03-22', '2021-03-22', 89),
(30, '2021-03-09', '871.97', '0000-00-00', '0000-00-00', 130),
(31, '2021-03-09', '1470.79', '2021-03-10', '2021-03-16', 52),
(32, '2021-03-12', '466.83', '2021-03-13', '2021-03-19', 76),
(33, '2021-03-17', '598.84', '2021-03-31', '2021-04-12', 26),
(34, '2021-03-19', '879.62', '2021-03-23', '2021-03-24', 75),
(35, '2021-03-23', '200.00', '2021-04-03', '2021-04-03', 148),
(36, '2021-03-23', '317.89', '2021-03-29', '2021-03-30', 92),
(37, '2021-03-29', '287.82', '2021-04-03', '2021-04-05', 50),
(38, '2021-03-30', '1075.68', '2021-03-31', '2021-03-31', 44),
(39, '2021-03-30', '465.71', '2021-04-14', '2021-04-20', 80),
(40, '2021-03-30', '749.88', '2021-03-30', '2021-04-14', 16),
(41, '2021-03-31', '1203.71', '2021-04-01', '2021-04-07', 67),
(42, '2021-03-31', '792.80', '2021-03-31', '2021-04-04', 106),
(43, '2021-03-31', '1193.37', '2021-04-07', '2021-04-08', 102),
(44, '2021-04-01', '373.80', '0000-00-00', '0000-00-00', 31),
(45, '2021-04-05', '91.94', '2021-04-14', '2021-04-28', 111),
(46, '2021-04-06', '898.70', '2021-04-07', '2021-04-13', 75),
(47, '2021-04-11', '34.54', '0000-00-00', '0000-00-00', 38),
(48, '2021-04-11', '270.43', '0000-00-00', '0000-00-00', 139),
(49, '2021-04-12', '772.81', '2021-04-13', '2021-04-14', 3),
(50, '2021-04-18', '196.50', '2021-04-23', '2021-05-01', 6),
(51, '2021-04-18', '1257.68', '2021-04-18', '2021-04-20', 81),
(52, '2021-04-22', '1206.39', '2021-05-04', '2021-05-10', 35),
(53, '2021-04-28', '2396.87', '2021-04-28', '2021-05-03', 123),
(54, '2021-04-28', '300.00', '2021-05-04', '2021-05-05', 46),
(55, '2021-04-29', '29.98', '2021-05-12', '2021-05-18', 89),
(56, '2021-05-05', '1002.67', '2021-05-12', '2021-05-21', 74),
(57, '2021-05-08', '278.91', '2021-05-20', '2021-05-21', 132),
(58, '2021-05-09', '409.50', '2021-05-09', '2021-05-17', 35),
(59, '2021-05-15', '572.84', '2021-05-16', '2021-05-27', 37),
(60, '2021-05-15', '53.01', '0000-00-00', '0000-00-00', 124),
(61, '2021-05-16', '621.83', '2021-05-28', '2021-05-31', 2),
(62, '2021-05-17', '255.86', '2021-05-21', '0000-00-00', 39),
(63, '2021-05-18', '20.00', '2021-05-24', '2021-05-24', 54),
(64, '2021-05-20', '675.69', '2021-05-30', '2021-05-31', 11),
(65, '2021-05-20', '184.11', '0000-00-00', '0000-00-00', 55),
(66, '2021-05-22', '662.35', '2021-06-03', '2021-06-18', 6),
(67, '2021-05-24', '551.90', '2021-05-24', '2021-05-25', 48),
(68, '2021-05-29', '1219.85', '2021-05-30', '2021-06-02', 2),
(69, '2021-05-29', '1231.57', '2021-05-29', '2021-06-07', 72),
(70, '2021-05-30', '868.74', '2021-06-12', '2021-06-16', 127),
(71, '2021-06-03', '1548.73', '2021-06-04', '2021-06-17', 40),
(72, '2021-06-03', '1715.64', '2021-06-17', '2021-06-17', 101),
(73, '2021-06-07', '379.99', '2021-06-10', '2021-06-22', 30),
(74, '2021-06-11', '309.88', '2021-06-12', '2021-06-13', 5),
(75, '2021-06-12', '3570.73', '2021-06-12', '2021-06-13', 70),
(76, '2021-06-15', '501.65', '2021-06-30', '2021-07-03', 23),
(77, '2021-06-17', '503.89', '2021-06-19', '2021-06-22', 65),
(78, '2021-06-17', '1422.66', '2021-06-23', '2021-07-05', 83),
(79, '2021-06-17', '150.00', '2021-07-02', '2021-07-04', 96),
(80, '2021-06-18', '301.86', '2021-06-22', '2021-06-23', 108),
(81, '2021-06-20', '125.93', '2021-06-24', '0000-00-00', 105),
(82, '2021-06-21', '38.98', '0000-00-00', '0000-00-00', 24),
(83, '2021-06-21', '847.84', '2021-06-29', '0000-00-00', 136),
(84, '2021-06-21', '223.81', '2021-06-25', '2021-06-26', 49),
(85, '2021-06-23', '1978.69', '2021-07-07', '2021-07-08', 67),
(86, '2021-06-23', '1111.64', '2021-07-05', '0000-00-00', 70),
(87, '2021-06-27', '701.84', '2021-06-28', '0000-00-00', 111),
(88, '2021-06-27', '3876.75', '2021-07-03', '2021-07-04', 123),
(89, '2021-06-30', '143.74', '2021-06-30', '2021-06-30', 124),
(90, '2021-07-01', '160.00', '2021-07-01', '2021-07-01', 75),
(91, '2021-07-07', '924.79', '2021-07-16', '2021-07-17', 133),
(92, '2021-07-08', '4088.70', '2021-07-12', '2021-07-13', 9),
(93, '2021-07-09', '380.00', '2021-07-09', '2021-07-11', 64),
(94, '2021-07-09', '1833.80', '2021-07-10', '2021-07-18', 90),
(95, '2021-07-09', '383.81', '2021-07-22', '2021-08-02', 47),
(96, '2021-07-12', '399.77', '2021-07-16', '2021-07-19', 102),
(97, '2021-07-12', '539.81', '2021-07-21', '2021-07-28', 96),
(98, '2021-07-13', '109.78', '0000-00-00', '0000-00-00', 21),
(99, '2021-07-16', '1333.62', '2021-07-26', '2021-07-31', 80),
(100, '2021-07-16', '143.91', '2021-07-28', '2021-07-28', 85),
(101, '2021-07-21', '142.34', '0000-00-00', '0000-00-00', 57),
(102, '2021-07-27', '2967.64', '2021-07-28', '2021-07-28', 112),
(103, '2021-07-28', '561.66', '2021-07-29', '0000-00-00', 74),
(104, '2021-08-02', '454.95', '2021-08-02', '0000-00-00', 31),
(105, '2021-08-03', '47.96', '2021-08-15', '2021-08-16', 129),
(106, '2021-08-04', '139.93', '2021-08-08', '2021-08-21', 35),
(107, '2021-08-08', '3110.58', '2021-08-08', '2021-08-13', 130),
(108, '2021-08-11', '867.74', '2021-08-12', '2021-08-13', 123),
(109, '2021-08-12', '1378.73', '2021-08-13', '2021-08-14', 136),
(110, '2021-08-15', '1838.74', '2021-08-15', '2021-08-20', 38),
(111, '2021-08-16', '1171.77', '2021-08-20', '2021-09-01', 142),
(112, '2021-08-17', '1560.80', '2021-08-30', '2021-08-31', 57),
(113, '2021-08-17', '171.97', '2021-08-21', '2021-08-26', 72),
(114, '2021-08-21', '800.38', '2021-08-21', '2021-08-27', 109),
(115, '2021-08-21', '1107.96', '2021-08-25', '2021-08-28', 14),
(116, '2021-08-21', '1586.76', '2021-08-23', '2021-09-03', 26),
(117, '2021-08-24', '1481.71', '2021-08-25', '2021-08-25', 133),
(118, '2021-08-28', '90.00', '2021-09-07', '2021-09-15', 72),
(119, '2021-09-02', '399.93', '2021-09-05', '2021-09-09', 91),
(120, '2021-09-02', '180.00', '2021-09-04', '2021-09-08', 94),
(121, '2021-09-02', '755.96', '2021-09-13', '2021-09-17', 114),
(122, '2021-09-03', '295.96', '2021-09-04', '0000-00-00', 112),
(123, '2021-09-08', '266.42', '0000-00-00', '0000-00-00', 77),
(124, '2021-09-13', '711.66', '2021-09-16', '2021-09-22', 67),
(125, '2021-09-18', '336.83', '2021-09-19', '2021-09-20', 131),
(126, '2021-09-20', '1559.26', '0000-00-00', '0000-00-00', 73),
(127, '2021-09-21', '439.00', '2021-09-21', '2021-09-26', 42),
(128, '2021-09-22', '648.87', '2021-09-25', '2021-10-09', 66),
(129, '2021-09-23', '1242.35', '2021-10-06', '2021-10-12', 113),
(130, '2021-09-28', '743.91', '2021-09-29', '2021-10-03', 43),
(131, '2021-09-29', '1710.09', '2021-10-11', '2021-10-11', 62),
(132, '2021-10-02', '629.85', '2021-10-04', '2021-10-15', 137),
(133, '2021-10-02', '2399.94', '2021-10-03', '2021-10-12', 57),
(134, '2021-10-02', '485.00', '2021-10-12', '2021-10-21', 69),
(135, '2021-10-02', '359.94', '2021-10-12', '2021-10-16', 5),
(136, '2021-10-02', '472.76', '2021-10-04', '2021-10-05', 118),
(137, '2021-10-02', '327.92', '2021-10-03', '2021-10-17', 123),
(138, '2021-10-04', '279.87', '2021-10-18', '0000-00-00', 82),
(139, '2021-10-05', '768.67', '2021-10-05', '2021-10-06', 5),
(140, '2021-10-06', '184.95', '2021-10-12', '2021-10-13', 14),
(141, '2021-10-07', '311.33', '0000-00-00', '0000-00-00', 150),
(142, '2021-10-07', '778.65', '2021-10-12', '2021-10-12', 127),
(143, '2021-10-10', '386.80', '2021-10-16', '2021-10-25', 35),
(144, '2021-10-10', '709.86', '2021-10-14', '2021-10-23', 40),
(145, '2021-10-16', '485.87', '0000-00-00', '0000-00-00', 78),
(146, '2021-10-17', '967.64', '2021-10-23', '2021-10-27', 56),
(147, '2021-10-17', '369.90', '2021-10-24', '0000-00-00', 82),
(148, '2021-10-18', '1951.59', '2021-10-18', '2021-11-01', 101),
(149, '2021-10-23', '1468.41', '2021-10-24', '2021-10-24', 149),
(150, '2021-10-29', '241.88', '2021-10-31', '2021-10-31', 57),
(151, '2021-11-02', '639.88', '2021-11-10', '2021-11-11', 128),
(152, '2021-11-07', '79.95', '2021-11-08', '2021-11-09', 63),
(153, '2021-11-13', '2546.37', '2021-11-14', '2021-11-14', 113),
(154, '2021-11-16', '1051.75', '2021-11-29', '2021-12-02', 126),
(155, '2021-11-16', '2235.64', '2021-11-16', '2021-11-30', 27),
(156, '2021-11-17', '1838.49', '2021-12-01', '2021-12-02', 36),
(157, '2021-11-18', '2838.67', '2021-11-19', '2021-11-20', 3),
(158, '2021-11-19', '647.30', '2021-11-23', '2021-11-27', 115),
(159, '2021-11-23', '1501.54', '2021-12-02', '2021-12-02', 140),
(160, '2021-11-23', '49.98', '2021-11-27', '2021-12-10', 43),
(161, '2021-11-23', '1044.80', '2021-11-23', '2021-11-24', 6),
(162, '2021-11-26', '379.92', '2021-11-26', '2021-11-30', 68),
(163, '2021-11-27', '420.87', '2021-12-12', '2021-12-16', 20),
(164, '2021-11-29', '3488.55', '2021-11-30', '2021-12-01', 129),
(165, '2021-12-01', '462.86', '2021-12-14', '2021-12-14', 134),
(166, '2021-12-02', '622.75', '2021-12-02', '2021-12-07', 1),
(167, '2021-12-03', '434.87', '2021-12-04', '0000-00-00', 113),
(168, '2021-12-06', '866.25', '2021-12-07', '2021-12-08', 19),
(169, '2021-12-06', '401.88', '2021-12-07', '2021-12-08', 50),
(170, '2021-12-07', '3214.67', '2021-12-13', '2021-12-13', 92),
(171, '2021-12-07', '603.75', '2021-12-16', '2021-12-17', 20),
(172, '2021-12-08', '1282.79', '2021-12-15', '2021-12-16', 52),
(173, '2021-12-08', '12.99', '2021-12-14', '2021-12-14', 138),
(174, '2021-12-08', '240.91', '2021-12-08', '2021-12-12', 118),
(175, '2021-12-10', '1825.39', '2021-12-23', '2021-12-24', 29),
(176, '2021-12-15', '3025.93', '0000-00-00', '0000-00-00', 84),
(177, '2021-12-17', '1566.86', '2021-12-24', '2021-12-25', 112),
(178, '2021-12-17', '615.86', '2021-12-27', '2022-01-05', 66),
(179, '2021-12-20', '1669.74', '2021-12-23', '0000-00-00', 85),
(180, '2021-12-22', '664.86', '2021-12-26', '2021-12-30', 33),
(181, '2021-12-26', '1263.00', '2021-12-26', '2021-12-27', 12),
(182, '2021-12-27', '1363.70', '2021-12-27', '2021-12-27', 113),
(183, '2021-12-28', '5521.89', '2021-12-30', '2021-12-31', 68),
(184, '2021-12-29', '636.88', '2021-12-29', '2022-01-10', 5),
(185, '2022-01-01', '15.00', '2022-01-04', '2022-01-15', 53),
(186, '2022-01-06', '725.73', '2022-01-07', '2022-01-10', 121),
(187, '2022-01-07', '717.31', '2022-01-08', '2022-01-09', 81),
(188, '2022-01-11', '5463.69', '2022-01-12', '2022-01-19', 133),
(189, '2022-01-11', '1197.81', '2022-01-16', '2022-01-17', 63),
(190, '2022-01-17', '199.98', '2022-01-23', '2022-01-29', 147),
(191, '2022-01-22', '604.65', '0000-00-00', '0000-00-00', 73),
(192, '2022-01-23', '1305.29', '2022-02-01', '2022-02-05', 9),
(193, '2022-01-23', '1223.64', '2022-01-24', '0000-00-00', 87),
(194, '2022-01-24', '643.75', '2022-02-01', '2022-02-08', 68),
(195, '2022-01-25', '1136.63', '2022-01-31', '2022-01-31', 122),
(196, '2022-01-29', '1250.59', '2022-01-30', '2022-02-04', 88),
(197, '2022-02-04', '1964.83', '2022-02-05', '2022-02-13', 46),
(198, '2022-02-06', '525.84', '2022-02-07', '2022-02-07', 100),
(199, '2022-02-06', '875.90', '0000-00-00', '0000-00-00', 142),
(200, '2022-02-12', '405.87', '2022-02-13', '2022-02-19', 100),
(201, '2022-02-13', '68.32', '0000-00-00', '0000-00-00', 73),
(202, '2022-02-16', '896.86', '2022-02-17', '0000-00-00', 124);

-- --------------------------------------------------------

--
-- Tabelstructuur voor tabel `purchaseline`
--

CREATE TABLE `purchaseline` (
  `idpurchaseline` int(5) NOT NULL,
  `productid` int(5) NOT NULL,
  `quantity` int(3) NOT NULL,
  `pricecharged` decimal(7,2) NOT NULL,
  `purchaseid` int(5) NOT NULL
) ENGINE=InnoDB DEFAULT CHARSET=utf8;

--
-- Gegevens worden geëxporteerd voor tabel `purchaseline`
--

INSERT INTO `purchaseline` (`idpurchaseline`, `productid`, `quantity`, `pricecharged`, `purchaseid`) VALUES
(1, 59, 11, '12.99', 1),
(2, 5, 6, '29.99', 1),
(3, 42, 7, '17.99', 1),
(4, 51, 1, '399.99', 1),
(5, 4, 1, '102.00', 2),
(6, 58, 2, '14.99', 2),
(7, 25, 7, '50.00', 2),
(8, 21, 7, '11.99', 2),
(9, 52, 9, '50.99', 2),
(10, 34, 4, '15.99', 2),
(11, 42, 11, '17.99', 2),
(12, 35, 7, '30.00', 2),
(13, 49, 3, '188.99', 3),
(14, 51, 6, '399.99', 3),
(15, 15, 9, '34.99', 3),
(16, 47, 1, '35.00', 3),
(17, 54, 3, '50.00', 3),
(18, 72, 10, '67.99', 4),
(19, 31, 7, '25.00', 5),
(20, 54, 5, '50.00', 5),
(21, 51, 3, '399.99', 5),
(22, 68, 10, '10.00', 5),
(23, 37, 1, '23.99', 5),
(24, 10, 10, '15.99', 6),
(25, 43, 8, '23.99', 6),
(26, 9, 6, '13.99', 6),
(27, 18, 9, '19.99', 6),
(28, 25, 6, '50.00', 6),
(29, 9, 8, '13.99', 6),
(30, 53, 5, '300.99', 6),
(31, 61, 9, '30.99', 7),
(32, 39, 6, '23.99', 7),
(33, 39, 7, '23.99', 7),
(34, 52, 4, '50.99', 7),
(35, 41, 12, '12.99', 8),
(36, 30, 3, '30.00', 8),
(37, 26, 3, '20.00', 8),
(38, 60, 11, '80.99', 8),
(39, 67, 4, '15.99', 8),
(40, 63, 1, '10.00', 8),
(41, 40, 3, '15.00', 9),
(42, 69, 6, '22.99', 9),
(43, 40, 2, '15.00', 9),
(44, 71, 6, '99.99', 10),
(45, 20, 8, '15.00', 10),
(46, 40, 9, '15.00', 10),
(47, 34, 9, '15.99', 11),
(48, 7, 10, '49.99', 11),
(49, 71, 8, '99.99', 11),
(50, 47, 3, '35.00', 11),
(51, 4, 11, '102.00', 11),
(52, 75, 7, '25.00', 11),
(53, 52, 3, '50.99', 11),
(54, 15, 5, '34.99', 11),
(55, 33, 2, '25.00', 12),
(56, 30, 4, '30.00', 12),
(57, 43, 8, '23.99', 12),
(58, 33, 1, '25.00', 12),
(59, 74, 5, '30.00', 12),
(60, 62, 1, '21.99', 13),
(61, 45, 1, '30.00', 13),
(62, 60, 10, '80.99', 13),
(63, 59, 8, '12.99', 13),
(64, 66, 12, '10.00', 13),
(65, 48, 6, '20.00', 13),
(66, 33, 9, '25.00', 13),
(67, 48, 10, '20.00', 13),
(68, 37, 9, '23.99', 14),
(69, 75, 11, '25.00', 14),
(70, 67, 6, '15.99', 14),
(71, 73, 5, '40.99', 14),
(72, 67, 12, '15.99', 14),
(73, 33, 11, '25.00', 14),
(74, 19, 2, '25.00', 15),
(75, 40, 5, '15.00', 16),
(76, 71, 5, '99.99', 16),
(77, 34, 4, '15.99', 16),
(78, 20, 3, '15.00', 16),
(79, 2, 6, '6.99', 16),
(80, 54, 5, '50.00', 16),
(81, 10, 10, '15.99', 16),
(82, 48, 3, '20.00', 16),
(83, 63, 8, '10.00', 17),
(84, 69, 8, '22.99', 17),
(85, 18, 8, '19.99', 17),
(86, 35, 7, '30.00', 17),
(87, 1, 8, '15.95', 18),
(88, 29, 11, '14.99', 18),
(89, 14, 3, '7.99', 18),
(90, 16, 2, '19.99', 18),
(91, 37, 6, '23.99', 18),
(92, 18, 12, '19.99', 18),
(93, 63, 4, '10.00', 18),
(94, 44, 12, '15.00', 19),
(95, 64, 1, '24.99', 19),
(96, 23, 2, '14.99', 19),
(97, 8, 1, '21.99', 19),
(98, 11, 5, '11.99', 19),
(99, 6, 1, '19.99', 20),
(100, 65, 12, '15.99', 20),
(101, 68, 8, '10.00', 20),
(102, 28, 3, '20.00', 20),
(103, 18, 10, '19.99', 21),
(104, 18, 5, '19.99', 21),
(105, 3, 9, '7.99', 21),
(106, 12, 3, '24.99', 21),
(107, 60, 7, '80.99', 21),
(108, 21, 6, '11.99', 21),
(109, 68, 12, '10.00', 21),
(110, 9, 3, '13.99', 21),
(111, 6, 8, '19.99', 22),
(112, 73, 10, '40.99', 22),
(113, 29, 8, '14.99', 22),
(114, 72, 7, '67.99', 22),
(115, 15, 8, '34.99', 22),
(116, 73, 7, '40.99', 22),
(117, 61, 6, '30.99', 22),
(118, 43, 12, '23.99', 22),
(119, 6, 11, '19.99', 23),
(120, 36, 1, '19.99', 24),
(121, 53, 6, '300.99', 24),
(122, 73, 7, '40.99', 25),
(123, 23, 4, '14.99', 25),
(124, 21, 2, '11.99', 25),
(125, 53, 9, '300.99', 25),
(126, 66, 11, '10.00', 26),
(127, 54, 8, '50.00', 27),
(128, 53, 3, '300.99', 27),
(129, 51, 5, '399.99', 27),
(130, 8, 8, '21.99', 27),
(131, 20, 8, '15.00', 28),
(132, 19, 11, '25.00', 28),
(133, 52, 6, '50.99', 28),
(134, 19, 9, '25.00', 28),
(135, 28, 2, '20.00', 28),
(136, 43, 3, '23.99', 28),
(137, 61, 5, '30.99', 28),
(138, 69, 6, '22.99', 29),
(139, 31, 5, '25.00', 29),
(140, 6, 10, '19.99', 30),
(141, 35, 4, '30.00', 30),
(142, 35, 10, '30.00', 30),
(143, 54, 1, '50.00', 30),
(144, 70, 6, '12.99', 30),
(145, 33, 12, '25.00', 30),
(146, 2, 8, '6.99', 30),
(147, 21, 1, '11.99', 31),
(148, 60, 9, '80.99', 31),
(149, 46, 12, '15.00', 31),
(150, 7, 11, '49.99', 31),
(151, 9, 5, '13.99', 32),
(152, 35, 6, '30.00', 32),
(153, 32, 2, '15.99', 32),
(154, 56, 5, '12.99', 32),
(155, 43, 5, '23.99', 32),
(156, 36, 7, '19.99', 33),
(157, 52, 9, '50.99', 33),
(158, 59, 4, '12.99', 34),
(159, 18, 7, '19.99', 34),
(160, 35, 5, '30.00', 34),
(161, 43, 7, '23.99', 34),
(162, 22, 11, '21.99', 34),
(163, 2, 4, '6.99', 34),
(164, 6, 5, '19.99', 34),
(165, 25, 4, '50.00', 35),
(166, 27, 8, '15.00', 36),
(167, 42, 11, '17.99', 36),
(168, 67, 12, '15.99', 37),
(169, 10, 6, '15.99', 37),
(170, 65, 4, '15.99', 38),
(171, 22, 5, '21.99', 38),
(172, 2, 12, '6.99', 38),
(173, 37, 11, '23.99', 38),
(174, 46, 6, '15.00', 38),
(175, 28, 5, '20.00', 38),
(176, 17, 8, '45.50', 38),
(177, 23, 2, '14.99', 39),
(178, 5, 6, '29.99', 39),
(179, 11, 4, '11.99', 39),
(180, 3, 11, '7.99', 39),
(181, 16, 6, '19.99', 39),
(182, 68, 3, '10.00', 40),
(183, 20, 8, '15.00', 40),
(184, 74, 10, '30.00', 40),
(185, 64, 12, '24.99', 40),
(186, 14, 9, '7.99', 41),
(187, 64, 11, '24.99', 41),
(188, 72, 9, '67.99', 41),
(189, 27, 9, '15.00', 41),
(190, 68, 11, '10.00', 41),
(191, 39, 5, '23.99', 42),
(192, 66, 10, '10.00', 42),
(193, 15, 6, '34.99', 42),
(194, 8, 9, '21.99', 42),
(195, 27, 11, '15.00', 42),
(196, 27, 5, '15.00', 43),
(197, 35, 5, '30.00', 43),
(198, 51, 1, '399.99', 43),
(199, 19, 9, '25.00', 43),
(200, 1, 11, '15.95', 43),
(201, 43, 7, '23.99', 43),
(202, 1, 11, '15.95', 44),
(203, 52, 5, '50.99', 44),
(204, 12, 11, '24.99', 44),
(205, 21, 1, '11.99', 45),
(206, 65, 5, '15.99', 45),
(207, 10, 5, '15.99', 46),
(208, 31, 3, '25.00', 46),
(209, 20, 12, '15.00', 46),
(210, 37, 11, '23.99', 46),
(211, 69, 12, '22.99', 46),
(212, 21, 2, '11.99', 46),
(213, 5, 7, '29.99', 47),
(214, 70, 9, '12.99', 47),
(215, 34, 1, '15.99', 47),
(216, 13, 2, '19.99', 47),
(217, 46, 12, '15.00', 47),
(218, 64, 2, '24.99', 47),
(219, 59, 6, '12.99', 47),
(220, 60, 2, '80.99', 48),
(221, 21, 3, '11.99', 48),
(222, 34, 8, '15.99', 48),
(223, 46, 1, '15.00', 48),
(224, 26, 9, '20.00', 48),
(225, 71, 7, '99.99', 48),
(226, 64, 6, '24.99', 48),
(227, 48, 11, '20.00', 48),
(228, 68, 4, '10.00', 49),
(229, 73, 8, '40.99', 49),
(230, 54, 1, '50.00', 49),
(231, 36, 6, '19.99', 49),
(232, 61, 5, '30.99', 49),
(233, 68, 8, '10.00', 49),
(234, 17, 3, '45.50', 50),
(235, 63, 6, '10.00', 50),
(236, 27, 9, '15.00', 51),
(237, 19, 1, '25.00', 51),
(238, 48, 10, '20.00', 51),
(239, 8, 12, '21.99', 51),
(240, 32, 9, '15.99', 51),
(241, 46, 6, '15.00', 51),
(242, 73, 8, '40.99', 51),
(243, 39, 3, '23.99', 51),
(244, 8, 10, '21.99', 52),
(245, 36, 10, '19.99', 52),
(246, 12, 10, '24.99', 52),
(247, 43, 1, '23.99', 52),
(248, 26, 1, '20.00', 52),
(249, 34, 11, '15.99', 52),
(250, 36, 10, '19.99', 52),
(251, 41, 9, '12.99', 52),
(252, 38, 10, '15.00', 53),
(253, 13, 4, '19.99', 53),
(254, 34, 1, '15.99', 53),
(255, 11, 8, '11.99', 53),
(256, 17, 12, '45.50', 53),
(257, 66, 6, '10.00', 53),
(258, 4, 12, '102.00', 53),
(259, 75, 9, '25.00', 53),
(260, 75, 12, '25.00', 54),
(261, 23, 2, '14.99', 55),
(262, 33, 10, '25.00', 56),
(263, 69, 11, '22.99', 56),
(264, 66, 12, '10.00', 56),
(265, 23, 12, '14.99', 56),
(266, 3, 10, '7.99', 56),
(267, 55, 4, '30.00', 56),
(268, 61, 9, '30.99', 57),
(269, 17, 9, '45.50', 58),
(270, 46, 2, '15.00', 59),
(271, 29, 1, '14.99', 59),
(272, 42, 2, '17.99', 59),
(273, 33, 5, '25.00', 59),
(274, 61, 7, '30.99', 59),
(275, 57, 6, '24.99', 59),
(276, 63, 5, '10.00', 60),
(277, 67, 7, '15.99', 60),
(278, 21, 7, '11.99', 60),
(279, 45, 1, '30.00', 60),
(280, 62, 6, '21.99', 60),
(281, 28, 1, '20.00', 61),
(282, 47, 6, '35.00', 61),
(283, 65, 7, '15.99', 61),
(284, 16, 3, '19.99', 61),
(285, 5, 1, '29.99', 61),
(286, 12, 6, '24.99', 61),
(287, 48, 2, '20.00', 61),
(288, 3, 5, '7.99', 62),
(289, 39, 9, '23.99', 62),
(290, 66, 2, '10.00', 63),
(291, 39, 8, '23.99', 64),
(292, 69, 5, '22.99', 64),
(293, 57, 10, '24.99', 64),
(294, 41, 8, '12.99', 64),
(295, 44, 1, '15.00', 64),
(296, 32, 3, '15.99', 65),
(297, 9, 10, '13.99', 65),
(298, 41, 6, '12.99', 66),
(299, 26, 12, '20.00', 66),
(300, 17, 5, '45.50', 66),
(301, 23, 3, '14.99', 66),
(302, 21, 6, '11.99', 66),
(303, 74, 3, '30.00', 67),
(304, 41, 4, '12.99', 67),
(305, 29, 6, '14.99', 67),
(306, 31, 8, '25.00', 67),
(307, 35, 4, '30.00', 67),
(308, 71, 6, '99.99', 68),
(309, 5, 9, '29.99', 68),
(310, 54, 5, '50.00', 68),
(311, 19, 4, '25.00', 68),
(312, 26, 4, '20.00', 69),
(313, 64, 4, '24.99', 69),
(314, 62, 3, '21.99', 69),
(315, 60, 1, '80.99', 69),
(316, 15, 11, '34.99', 69),
(317, 7, 4, '49.99', 69),
(318, 32, 11, '15.99', 69),
(319, 34, 9, '15.99', 69),
(320, 23, 7, '14.99', 70),
(321, 71, 6, '99.99', 70),
(322, 9, 10, '13.99', 70),
(323, 14, 3, '7.99', 70),
(324, 6, 11, '19.99', 71),
(325, 54, 12, '50.00', 71),
(326, 47, 8, '35.00', 71),
(327, 39, 5, '23.99', 71),
(328, 24, 8, '12.99', 71),
(329, 48, 9, '20.00', 71),
(330, 23, 3, '14.99', 71),
(331, 27, 4, '15.00', 72),
(332, 69, 12, '22.99', 72),
(333, 23, 12, '14.99', 72),
(334, 71, 12, '99.99', 72),
(335, 28, 9, '20.00', 73),
(336, 28, 9, '20.00', 73),
(337, 13, 1, '19.99', 73),
(338, 63, 1, '10.00', 74),
(339, 64, 12, '24.99', 74),
(340, 43, 4, '23.99', 75),
(341, 21, 1, '11.99', 75),
(342, 36, 11, '19.99', 75),
(343, 59, 1, '12.99', 75),
(344, 51, 8, '399.99', 75),
(345, 29, 2, '14.99', 75),
(346, 2, 8, '6.99', 76),
(347, 16, 6, '19.99', 76),
(348, 65, 11, '15.99', 76),
(349, 58, 10, '14.99', 76),
(350, 21, 8, '11.99', 77),
(351, 20, 11, '15.00', 77),
(352, 60, 3, '80.99', 77),
(353, 63, 2, '10.00', 78),
(354, 6, 5, '19.99', 78),
(355, 43, 9, '23.99', 78),
(356, 45, 9, '30.00', 78),
(357, 54, 9, '50.00', 78),
(358, 2, 1, '6.99', 78),
(359, 32, 12, '15.99', 78),
(360, 37, 7, '23.99', 78),
(361, 38, 10, '15.00', 79),
(362, 18, 3, '19.99', 80),
(363, 8, 11, '21.99', 80),
(364, 42, 7, '17.99', 81),
(365, 64, 12, '24.99', 82),
(366, 33, 7, '25.00', 83),
(367, 35, 10, '30.00', 83),
(368, 34, 5, '15.99', 83),
(369, 41, 2, '12.99', 83),
(370, 74, 5, '30.00', 83),
(371, 59, 4, '12.99', 83),
(372, 56, 5, '12.99', 83),
(373, 67, 9, '15.99', 84),
(374, 3, 10, '7.99', 84),
(375, 23, 7, '14.99', 85),
(376, 37, 9, '23.99', 85),
(377, 66, 4, '10.00', 85),
(378, 17, 12, '45.50', 85),
(379, 11, 8, '11.99', 85),
(380, 4, 8, '102.00', 85),
(381, 64, 4, '24.99', 85),
(382, 36, 3, '19.99', 85),
(383, 52, 7, '50.99', 86),
(384, 44, 6, '15.00', 86),
(385, 13, 8, '19.99', 86),
(386, 65, 6, '15.99', 86),
(387, 59, 8, '12.99', 86),
(388, 46, 11, '15.00', 86),
(389, 16, 7, '19.99', 86),
(390, 75, 5, '25.00', 87),
(391, 37, 3, '23.99', 87),
(392, 73, 5, '40.99', 87),
(393, 57, 8, '24.99', 87),
(394, 63, 10, '10.00', 87),
(395, 53, 11, '300.99', 88),
(396, 28, 9, '20.00', 88),
(397, 60, 3, '80.99', 88),
(398, 24, 11, '12.99', 88),
(399, 63, 5, '10.00', 89),
(400, 9, 1, '13.99', 89),
(401, 1, 5, '15.95', 89),
(402, 26, 8, '20.00', 90),
(403, 64, 9, '24.99', 91),
(404, 7, 7, '49.99', 91),
(405, 32, 5, '15.99', 91),
(406, 35, 9, '30.00', 91),
(407, 38, 5, '15.00', 92),
(408, 59, 4, '12.99', 92),
(409, 53, 5, '300.99', 92),
(410, 47, 4, '35.00', 92),
(411, 61, 6, '30.99', 92),
(412, 24, 4, '12.99', 92),
(413, 49, 11, '188.99', 92),
(414, 35, 6, '30.00', 93),
(415, 26, 10, '20.00', 93),
(416, 10, 7, '15.99', 94),
(417, 8, 5, '21.99', 94),
(418, 66, 10, '10.00', 94),
(419, 49, 8, '188.99', 94),
(420, 37, 7, '23.99', 95),
(421, 42, 12, '17.99', 95),
(422, 14, 5, '7.99', 96),
(423, 18, 9, '19.99', 96),
(424, 6, 9, '19.99', 96),
(425, 41, 8, '12.99', 97),
(426, 66, 3, '10.00', 97),
(427, 34, 11, '15.99', 97),
(428, 45, 5, '30.00', 97),
(429, 20, 2, '15.00', 97),
(430, 63, 5, '10.00', 97),
(431, 15, 3, '34.99', 98),
(432, 55, 9, '30.00', 98),
(433, 54, 9, '50.00', 98),
(434, 41, 9, '12.99', 98),
(435, 24, 12, '12.99', 98),
(436, 42, 9, '17.99', 99),
(437, 7, 4, '49.99', 99),
(438, 32, 1, '15.99', 99),
(439, 41, 12, '12.99', 99),
(440, 48, 10, '20.00', 99),
(441, 7, 12, '49.99', 99),
(442, 10, 8, '15.99', 100),
(443, 10, 1, '15.99', 100),
(444, 55, 4, '30.00', 101),
(445, 54, 3, '50.00', 101),
(446, 17, 10, '45.50', 101),
(447, 56, 7, '12.99', 101),
(448, 46, 8, '15.00', 101),
(449, 41, 1, '12.99', 101),
(450, 7, 6, '49.99', 102),
(451, 24, 4, '12.99', 102),
(452, 18, 10, '19.99', 102),
(453, 53, 6, '300.99', 102),
(454, 61, 10, '30.99', 102),
(455, 35, 8, '30.00', 102),
(456, 68, 6, '10.00', 102),
(457, 16, 12, '19.99', 103),
(458, 70, 12, '12.99', 103),
(459, 59, 6, '12.99', 103),
(460, 43, 2, '23.99', 103),
(461, 36, 2, '19.99', 103),
(462, 60, 5, '80.99', 104),
(463, 54, 1, '50.00', 104),
(464, 11, 4, '11.99', 105),
(465, 16, 7, '19.99', 106),
(466, 19, 11, '25.00', 107),
(467, 42, 10, '17.99', 107),
(468, 37, 2, '23.99', 107),
(469, 64, 3, '24.99', 107),
(470, 53, 7, '300.99', 107),
(471, 22, 11, '21.99', 107),
(472, 48, 2, '20.00', 107),
(473, 32, 9, '15.99', 107),
(474, 43, 10, '23.99', 108),
(475, 29, 3, '14.99', 108),
(476, 5, 5, '29.99', 108),
(477, 55, 9, '30.00', 108),
(478, 13, 3, '19.99', 108),
(479, 13, 4, '19.99', 108),
(480, 69, 1, '22.99', 108),
(481, 22, 2, '21.99', 109),
(482, 18, 1, '19.99', 109),
(483, 28, 5, '20.00', 109),
(484, 44, 2, '15.00', 109),
(485, 21, 9, '11.99', 109),
(486, 12, 12, '24.99', 109),
(487, 35, 7, '30.00', 109),
(488, 49, 3, '188.99', 109),
(489, 47, 11, '35.00', 110),
(490, 63, 6, '10.00', 110),
(491, 71, 8, '99.99', 110),
(492, 69, 8, '22.99', 110),
(493, 73, 10, '40.99', 110),
(494, 9, 6, '13.99', 111),
(495, 25, 10, '50.00', 111),
(496, 45, 4, '30.00', 111),
(497, 12, 6, '24.99', 111),
(498, 19, 5, '25.00', 111),
(499, 62, 3, '21.99', 111),
(500, 29, 1, '14.99', 111),
(501, 32, 7, '15.99', 111),
(502, 8, 9, '21.99', 112),
(503, 6, 8, '19.99', 112),
(504, 53, 3, '300.99', 112),
(505, 45, 10, '30.00', 112),
(506, 33, 4, '25.00', 113),
(507, 39, 3, '23.99', 113),
(508, 17, 11, '45.50', 114),
(509, 57, 12, '24.99', 114),
(510, 47, 9, '35.00', 115),
(511, 55, 6, '30.00', 115),
(512, 8, 4, '21.99', 115),
(513, 19, 1, '25.00', 115),
(514, 54, 10, '50.00', 115),
(515, 53, 2, '300.99', 116),
(516, 16, 11, '19.99', 116),
(517, 75, 6, '25.00', 116),
(518, 45, 12, '30.00', 116),
(519, 12, 7, '24.99', 116),
(520, 6, 4, '19.99', 116),
(521, 37, 3, '23.99', 117),
(522, 74, 4, '30.00', 117),
(523, 33, 4, '25.00', 117),
(524, 24, 8, '12.99', 117),
(525, 71, 9, '99.99', 117),
(526, 9, 9, '13.99', 117),
(527, 44, 4, '15.00', 117),
(528, 66, 9, '10.00', 118),
(529, 19, 8, '25.00', 119),
(530, 18, 6, '19.99', 119),
(531, 15, 1, '34.99', 119),
(532, 40, 3, '15.00', 119),
(533, 74, 6, '30.00', 120),
(534, 49, 4, '188.99', 121),
(535, 74, 4, '30.00', 122),
(536, 74, 4, '30.00', 122),
(537, 9, 4, '13.99', 122),
(538, 7, 5, '49.99', 123),
(539, 29, 5, '14.99', 123),
(540, 56, 1, '12.99', 124),
(541, 16, 5, '19.99', 124),
(542, 39, 10, '23.99', 124),
(543, 2, 1, '6.99', 124),
(544, 36, 11, '19.99', 124),
(545, 62, 6, '21.99', 124),
(546, 37, 6, '23.99', 125),
(547, 27, 7, '15.00', 125),
(548, 3, 11, '7.99', 125),
(549, 43, 10, '23.99', 126),
(550, 26, 10, '20.00', 126),
(551, 49, 7, '188.99', 126),
(552, 5, 11, '29.99', 126),
(553, 38, 5, '15.00', 126),
(554, 37, 5, '23.99', 126),
(555, 51, 12, '399.99', 126),
(556, 17, 8, '45.50', 127),
(557, 38, 5, '15.00', 127),
(558, 34, 4, '15.99', 128),
(559, 45, 12, '30.00', 128),
(560, 64, 9, '24.99', 128),
(561, 72, 4, '67.99', 129),
(562, 71, 1, '99.99', 129),
(563, 35, 2, '30.00', 129),
(564, 46, 10, '15.00', 129),
(565, 17, 11, '45.50', 129),
(566, 65, 10, '15.99', 129),
(567, 44, 1, '15.00', 130),
(568, 60, 9, '80.99', 130),
(569, 27, 8, '15.00', 131),
(570, 50, 12, '35.99', 131),
(571, 10, 1, '15.99', 131),
(572, 8, 10, '21.99', 131),
(573, 43, 7, '23.99', 131),
(574, 17, 11, '45.50', 131),
(575, 9, 11, '13.99', 131),
(576, 63, 10, '10.00', 131),
(577, 18, 7, '19.99', 132),
(578, 45, 11, '30.00', 132),
(579, 13, 8, '19.99', 132),
(580, 51, 6, '399.99', 133),
(581, 45, 1, '30.00', 134),
(582, 28, 4, '20.00', 134),
(583, 55, 11, '30.00', 134),
(584, 46, 3, '15.00', 134),
(585, 72, 5, '67.99', 135),
(586, 13, 1, '19.99', 135),
(587, 2, 11, '6.99', 136),
(588, 29, 11, '14.99', 136),
(589, 26, 9, '20.00', 136),
(590, 14, 2, '7.99', 136),
(591, 47, 1, '35.00', 136),
(592, 73, 8, '40.99', 137),
(593, 23, 11, '14.99', 138),
(594, 75, 3, '25.00', 138),
(595, 18, 2, '19.99', 138),
(596, 64, 3, '24.99', 139),
(597, 24, 10, '12.99', 139),
(598, 32, 4, '15.99', 139),
(599, 46, 11, '15.00', 139),
(600, 12, 11, '24.99', 139),
(601, 21, 5, '11.99', 139),
(602, 62, 5, '21.99', 140),
(603, 27, 5, '15.00', 140),
(604, 26, 3, '20.00', 141),
(605, 48, 1, '20.00', 141),
(606, 2, 10, '6.99', 141),
(607, 21, 3, '11.99', 141),
(608, 9, 4, '13.99', 141),
(609, 17, 7, '45.50', 141),
(610, 72, 1, '67.99', 141),
(611, 44, 10, '15.00', 141),
(612, 42, 3, '17.99', 142),
(613, 67, 4, '15.99', 142),
(614, 44, 3, '15.00', 142),
(615, 65, 8, '15.99', 142),
(616, 24, 2, '12.99', 142),
(617, 5, 6, '29.99', 142),
(618, 43, 9, '23.99', 142),
(619, 22, 3, '21.99', 142),
(620, 26, 1, '20.00', 143),
(621, 42, 6, '17.99', 143),
(622, 39, 7, '23.99', 143),
(623, 41, 7, '12.99', 143),
(624, 57, 4, '24.99', 144),
(625, 18, 5, '19.99', 144),
(626, 32, 5, '15.99', 144),
(627, 20, 7, '15.00', 144),
(628, 45, 3, '30.00', 144),
(629, 31, 9, '25.00', 144),
(630, 66, 1, '10.00', 144),
(631, 15, 10, '34.99', 145),
(632, 31, 2, '25.00', 145),
(633, 13, 11, '19.99', 145),
(634, 29, 2, '14.99', 145),
(635, 47, 9, '35.00', 145),
(636, 57, 10, '24.99', 145),
(637, 21, 9, '11.99', 146),
(638, 10, 10, '15.99', 146),
(639, 29, 12, '14.99', 146),
(640, 68, 2, '10.00', 146),
(641, 71, 5, '99.99', 146),
(642, 68, 11, '10.00', 147),
(643, 6, 2, '19.99', 147),
(644, 15, 2, '34.99', 147),
(645, 64, 6, '24.99', 147),
(646, 43, 1, '23.99', 148),
(647, 13, 6, '19.99', 148),
(648, 59, 10, '12.99', 148),
(649, 71, 10, '99.99', 148),
(650, 64, 12, '24.99', 148),
(651, 49, 2, '188.99', 148),
(652, 36, 9, '19.99', 149),
(653, 32, 8, '15.99', 149),
(654, 29, 5, '14.99', 149),
(655, 13, 11, '19.99', 149),
(656, 2, 8, '6.99', 149),
(657, 60, 6, '80.99', 149),
(658, 5, 10, '29.99', 149),
(659, 11, 2, '11.99', 149),
(660, 35, 1, '30.00', 150),
(661, 75, 2, '25.00', 150),
(662, 58, 3, '14.99', 150),
(663, 24, 9, '12.99', 150),
(664, 6, 12, '19.99', 151),
(665, 66, 4, '10.00', 151),
(666, 38, 12, '15.00', 151),
(667, 30, 6, '30.00', 151),
(668, 32, 5, '15.99', 152),
(669, 41, 9, '12.99', 153),
(670, 50, 12, '35.99', 153),
(671, 22, 4, '21.99', 153),
(672, 12, 6, '24.99', 153),
(673, 71, 10, '99.99', 153),
(674, 45, 12, '30.00', 153),
(675, 32, 10, '15.99', 153),
(676, 6, 12, '19.99', 153),
(677, 55, 6, '30.00', 154),
(678, 32, 2, '15.99', 154),
(679, 20, 10, '15.00', 154),
(680, 73, 10, '40.99', 154),
(681, 8, 2, '21.99', 154),
(682, 65, 11, '15.99', 154),
(683, 44, 4, '15.00', 154),
(684, 6, 8, '19.99', 155),
(685, 21, 9, '11.99', 155),
(686, 61, 5, '30.99', 155),
(687, 25, 7, '50.00', 155),
(688, 7, 1, '49.99', 155),
(689, 58, 6, '14.99', 155),
(690, 49, 7, '188.99', 155),
(691, 36, 3, '19.99', 156),
(692, 62, 7, '21.99', 156),
(693, 24, 3, '12.99', 156),
(694, 71, 9, '99.99', 156),
(695, 73, 6, '40.99', 156),
(696, 22, 12, '21.99', 156),
(697, 65, 11, '15.99', 156),
(698, 19, 12, '25.00', 157),
(699, 75, 10, '25.00', 157),
(700, 36, 10, '19.99', 157),
(701, 13, 12, '19.99', 157),
(702, 4, 1, '102.00', 157),
(703, 49, 9, '188.99', 157),
(704, 69, 2, '22.99', 157),
(705, 45, 12, '30.00', 158),
(706, 1, 10, '15.95', 158),
(707, 1, 3, '15.95', 158),
(708, 65, 5, '15.99', 158),
(709, 15, 4, '34.99', 159),
(710, 60, 8, '80.99', 159),
(711, 24, 10, '12.99', 159),
(712, 74, 3, '30.00', 159),
(713, 21, 12, '11.99', 159),
(714, 63, 11, '10.00', 159),
(715, 18, 12, '19.99', 159),
(716, 64, 2, '24.99', 160),
(717, 46, 11, '15.00', 161),
(718, 72, 10, '67.99', 161),
(719, 13, 10, '19.99', 161),
(720, 16, 7, '19.99', 162),
(721, 26, 11, '20.00', 162),
(722, 36, 1, '19.99', 162),
(723, 50, 4, '35.99', 163),
(724, 63, 1, '10.00', 163),
(725, 33, 6, '25.00', 163),
(726, 70, 9, '12.99', 163),
(727, 38, 1, '15.00', 164),
(728, 3, 4, '7.99', 164),
(729, 65, 12, '15.99', 164),
(730, 64, 2, '24.99', 164),
(731, 51, 7, '399.99', 164),
(732, 36, 12, '19.99', 164),
(733, 18, 8, '19.99', 164),
(734, 9, 4, '13.99', 165),
(735, 75, 5, '25.00', 165),
(736, 5, 9, '29.99', 165),
(737, 21, 1, '11.99', 165),
(738, 9, 8, '13.99', 166),
(739, 56, 8, '12.99', 166),
(740, 57, 9, '24.99', 166),
(741, 17, 4, '45.50', 166),
(742, 23, 4, '14.99', 167),
(743, 35, 2, '30.00', 167),
(744, 15, 9, '34.99', 167),
(745, 17, 7, '45.50', 168),
(746, 57, 10, '24.99', 168),
(747, 42, 11, '17.99', 168),
(748, 64, 4, '24.99', 168),
(749, 40, 2, '15.00', 169),
(750, 61, 12, '30.99', 169),
(751, 74, 5, '30.00', 170),
(752, 54, 10, '50.00', 170),
(753, 59, 11, '12.99', 170),
(754, 67, 7, '15.99', 170),
(755, 7, 9, '49.99', 170),
(756, 71, 2, '99.99', 170),
(757, 48, 3, '20.00', 170),
(758, 51, 4, '399.99', 170),
(759, 21, 7, '11.99', 171),
(760, 18, 7, '19.99', 171),
(761, 16, 1, '19.99', 171),
(762, 50, 10, '35.99', 171),
(763, 14, 1, '7.99', 172),
(764, 20, 3, '15.00', 172),
(765, 35, 3, '30.00', 172),
(766, 2, 2, '6.99', 172),
(767, 34, 1, '15.99', 172),
(768, 71, 7, '99.99', 172),
(769, 67, 10, '15.99', 172),
(770, 25, 5, '50.00', 172),
(771, 70, 1, '12.99', 173),
(772, 58, 7, '14.99', 174),
(773, 72, 2, '67.99', 174),
(774, 17, 10, '45.50', 175),
(775, 50, 3, '35.99', 175),
(776, 71, 10, '99.99', 175),
(777, 58, 3, '14.99', 175),
(778, 1, 8, '15.95', 175),
(779, 21, 5, '11.99', 175),
(780, 35, 1, '30.00', 175),
(781, 45, 12, '30.00', 176),
(782, 51, 8, '399.99', 176),
(783, 8, 1, '21.99', 177),
(784, 46, 2, '15.00', 177),
(785, 49, 5, '188.99', 177),
(786, 31, 7, '25.00', 177),
(787, 16, 7, '19.99', 177),
(788, 31, 6, '25.00', 177),
(789, 63, 9, '10.00', 177),
(790, 23, 1, '14.99', 177),
(791, 72, 7, '67.99', 178),
(792, 16, 7, '19.99', 178),
(793, 69, 10, '22.99', 179),
(794, 54, 7, '50.00', 179),
(795, 55, 11, '30.00', 179),
(796, 16, 11, '19.99', 179),
(797, 75, 5, '25.00', 179),
(798, 72, 5, '67.99', 179),
(799, 44, 5, '15.00', 179),
(800, 58, 3, '14.99', 180),
(801, 22, 5, '21.99', 180),
(802, 26, 3, '20.00', 180),
(803, 16, 6, '19.99', 180),
(804, 30, 11, '30.00', 180),
(805, 4, 9, '102.00', 181),
(806, 19, 9, '25.00', 181),
(807, 44, 4, '15.00', 181),
(808, 68, 6, '10.00', 181),
(809, 4, 1, '102.00', 182),
(810, 39, 1, '23.99', 182),
(811, 17, 10, '45.50', 182),
(812, 23, 11, '14.99', 182),
(813, 70, 2, '12.99', 182),
(814, 39, 8, '23.99', 182),
(815, 7, 8, '49.99', 182),
(816, 51, 11, '399.99', 183),
(817, 4, 11, '102.00', 183),
(818, 10, 7, '15.99', 184),
(819, 40, 7, '15.00', 184),
(820, 27, 6, '15.00', 184),
(821, 46, 10, '15.00', 184),
(822, 30, 2, '30.00', 184),
(823, 14, 5, '7.99', 184),
(824, 68, 8, '10.00', 184),
(825, 44, 1, '15.00', 185),
(826, 55, 8, '30.00', 186),
(827, 10, 9, '15.99', 186),
(828, 63, 8, '10.00', 186),
(829, 37, 8, '23.99', 186),
(830, 2, 10, '6.99', 186),
(831, 2, 2, '6.99', 187),
(832, 74, 2, '30.00', 187),
(833, 1, 10, '15.95', 187),
(834, 36, 8, '19.99', 187),
(835, 48, 9, '20.00', 187),
(836, 10, 9, '15.99', 187),
(837, 52, 12, '50.99', 188),
(838, 48, 12, '20.00', 188),
(839, 51, 10, '399.99', 188),
(840, 72, 9, '67.99', 188),
(841, 8, 9, '21.99', 189),
(842, 71, 10, '99.99', 189),
(843, 71, 2, '99.99', 190),
(844, 43, 9, '23.99', 191),
(845, 67, 8, '15.99', 191),
(846, 42, 5, '17.99', 191),
(847, 54, 3, '50.00', 191),
(848, 55, 12, '30.00', 191),
(849, 10, 3, '15.99', 191),
(850, 37, 2, '23.99', 191),
(851, 48, 2, '20.00', 191),
(852, 65, 12, '15.99', 192),
(853, 61, 10, '30.99', 192),
(854, 55, 9, '30.00', 192),
(855, 1, 7, '15.95', 192),
(856, 58, 9, '14.99', 192),
(857, 45, 7, '30.00', 192),
(858, 41, 1, '12.99', 192),
(859, 67, 4, '15.99', 192),
(860, 59, 7, '12.99', 193),
(861, 12, 12, '24.99', 193),
(862, 66, 7, '10.00', 193),
(863, 68, 7, '10.00', 193),
(864, 30, 9, '30.00', 193),
(865, 29, 5, '14.99', 193),
(866, 63, 6, '10.00', 193),
(867, 37, 12, '23.99', 193),
(868, 68, 4, '10.00', 194),
(869, 9, 12, '13.99', 194),
(870, 15, 12, '34.99', 194),
(871, 10, 1, '15.99', 194),
(872, 16, 12, '19.99', 195),
(873, 60, 2, '80.99', 195),
(874, 12, 5, '24.99', 195),
(875, 33, 6, '25.00', 195),
(876, 22, 7, '21.99', 195),
(877, 69, 4, '22.99', 195),
(878, 4, 1, '102.00', 195),
(879, 65, 7, '15.99', 195),
(880, 75, 4, '25.00', 196),
(881, 15, 10, '34.99', 196),
(882, 30, 6, '30.00', 196),
(883, 13, 12, '19.99', 196),
(884, 57, 8, '24.99', 196),
(885, 19, 1, '25.00', 196),
(886, 14, 7, '7.99', 196),
(887, 64, 4, '24.99', 196),
(888, 15, 12, '34.99', 197),
(889, 28, 2, '20.00', 197),
(890, 53, 5, '300.99', 197),
(891, 22, 12, '21.99', 198),
(892, 35, 6, '30.00', 198),
(893, 45, 1, '30.00', 198),
(894, 59, 4, '12.99', 198),
(895, 70, 11, '12.99', 199),
(896, 74, 5, '30.00', 199),
(897, 34, 7, '15.99', 199),
(898, 62, 8, '21.99', 199),
(899, 56, 2, '12.99', 199),
(900, 29, 1, '14.99', 199),
(901, 11, 10, '11.99', 199),
(902, 4, 11, '102.00', 199),
(903, 16, 10, '19.99', 200),
(904, 33, 2, '25.00', 200),
(905, 42, 2, '17.99', 200),
(906, 44, 3, '15.00', 200),
(907, 29, 1, '14.99', 200),
(908, 48, 3, '20.00', 200),
(909, 2, 10, '6.99', 201),
(910, 64, 1, '24.99', 201),
(911, 18, 7, '19.99', 202),
(912, 33, 3, '25.00', 202),
(913, 40, 8, '15.00', 202),
(914, 74, 9, '30.00', 202),
(915, 67, 1, '15.99', 202),
(916, 35, 6, '30.00', 202),
(917, 10, 6, '15.99', 202);

-- --------------------------------------------------------

--
-- Tabelstructuur voor tabel `type`
--

CREATE TABLE `type` (
  `idtype` int(5) NOT NULL,
  `name` varchar(75) NOT NULL
) ENGINE=InnoDB DEFAULT CHARSET=utf8;

--
-- Gegevens worden geëxporteerd voor tabel `type`
--

INSERT INTO `type` (`idtype`, `name`) VALUES
(1, 'Vinyl'),
(2, '7 inch'),
(3, 'CD'),
(4, 'DVD'),
(5, 'Blu-Ray'),
(6, 'Cassette');

--
-- Indexen voor geëxporteerde tabellen
--

--
-- Indexen voor tabel `client`
--
ALTER TABLE `client`
  ADD PRIMARY KEY (`idclient`);

--
-- Indexen voor tabel `country`
--
ALTER TABLE `country`
  ADD PRIMARY KEY (`idcountry`);

--
-- Indexen voor tabel `product`
--
ALTER TABLE `product`
  ADD PRIMARY KEY (`idproduct`);

--
-- Indexen voor tabel `purchase`
--
ALTER TABLE `purchase`
  ADD PRIMARY KEY (`idpurchase`);

--
-- Indexen voor tabel `purchaseline`
--
ALTER TABLE `purchaseline`
  ADD PRIMARY KEY (`idpurchaseline`);

--
-- Indexen voor tabel `type`
--
ALTER TABLE `type`
  ADD PRIMARY KEY (`idtype`);

--
-- AUTO_INCREMENT voor geëxporteerde tabellen
--

--
-- AUTO_INCREMENT voor een tabel `client`
--
ALTER TABLE `client`
  MODIFY `idclient` int(5) NOT NULL AUTO_INCREMENT, AUTO_INCREMENT=151;

--
-- AUTO_INCREMENT voor een tabel `country`
--
ALTER TABLE `country`
  MODIFY `idcountry` int(5) NOT NULL AUTO_INCREMENT, AUTO_INCREMENT=250;

--
-- AUTO_INCREMENT voor een tabel `product`
--
ALTER TABLE `product`
  MODIFY `idproduct` int(5) NOT NULL AUTO_INCREMENT, AUTO_INCREMENT=77;

--
-- AUTO_INCREMENT voor een tabel `purchase`
--
ALTER TABLE `purchase`
  MODIFY `idpurchase` int(5) NOT NULL AUTO_INCREMENT, AUTO_INCREMENT=203;

--
-- AUTO_INCREMENT voor een tabel `purchaseline`
--
ALTER TABLE `purchaseline`
  MODIFY `idpurchaseline` int(5) NOT NULL AUTO_INCREMENT, AUTO_INCREMENT=918;

--
-- AUTO_INCREMENT voor een tabel `type`
--
ALTER TABLE `type`
  MODIFY `idtype` int(5) NOT NULL AUTO_INCREMENT, AUTO_INCREMENT=7;
COMMIT;

/*!40101 SET CHARACTER_SET_CLIENT=@OLD_CHARACTER_SET_CLIENT */;
/*!40101 SET CHARACTER_SET_RESULTS=@OLD_CHARACTER_SET_RESULTS */;
/*!40101 SET COLLATION_CONNECTION=@OLD_COLLATION_CONNECTION */;
